,acousticness,album,danceability,energy,id,instrumentalness,liveness,loudness,name,popularity,speechiness,tempo,track_number,uri,valence
0,0.0496,BLACKPINK 2019-2020 WORLD TOUR IN YOUR AREA -TOKYO DOME- (Live),0.579,0.937,7fqjqOu4HKTN2yP6aV8lpQ,1.64e-06,0.356,-4.719,DDU-DU DDU-DU - JP Ver./ BLACKPINK 2019-2020 WORLD TOUR IN YOUR AREA -TOKYO DOME-,54,0.119,139.943,1,spotify:track:7fqjqOu4HKTN2yP6aV8lpQ,0.422
1,0.0955,BLACKPINK 2019-2020 WORLD TOUR IN YOUR AREA -TOKYO DOME- (Live),0.358,0.931,3F7VrA3ttl6i6Z4b2KJ9YR,0.0,0.388,-4.643,FOREVER YOUNG - JP Ver./ BLACKPINK 2019-2020 WORLD TOUR IN YOUR AREA -TOKYO DOME-,51,0.211,114.654,2,spotify:track:3F7VrA3ttl6i6Z4b2KJ9YR,0.479
2,0.29,BLACKPINK 2019-2020 WORLD TOUR IN YOUR AREA -TOKYO DOME- (Live),0.563,0.732,7pt16OMGqeqivEeI1PzkfC,0.0,0.394,-5.943,STAY - Remix / JP Ver./ BLACKPINK 2019-2020 WORLD TOUR IN YOUR AREA -TOKYO DOME-,49,0.0412,88.005,3,spotify:track:7pt16OMGqeqivEeI1PzkfC,0.514
3,0.0127,BLACKPINK 2019-2020 WORLD TOUR IN YOUR AREA -TOKYO DOME- (Live),0.697,0.873,3iC3qlIi0KqATuA86pRGcZ,0.0,0.535,-5.638,WHISTLE - JP Ver./ BLACKPINK 2019-2020 WORLD TOUR IN YOUR AREA -TOKYO DOME-,49,0.081,103.02,4,spotify:track:3iC3qlIi0KqATuA86pRGcZ,0.611
4,0.218,BLACKPINK 2019-2020 WORLD TOUR IN YOUR AREA -TOKYO DOME- (Live),0.62,0.898,60IHvjpylI1IZHVSZnQSKJ,5.27e-05,0.113,-5.424,Kill This Love - JP Ver./ BLACKPINK 2019-2020 WORLD TOUR IN YOUR AREA -TOKYO DOME-,51,0.287,132.03,5,spotify:track:60IHvjpylI1IZHVSZnQSKJ,0.409
5,0.0484,BLACKPINK 2019-2020 WORLD TOUR IN YOUR AREA -TOKYO DOME- (Live),0.59,0.76,3u6Knotm44XwggprlvmPtW,0.0,0.927,-6.226,Don’t Know What To Do - JP Ver./ BLACKPINK 2019-2020 WORLD TOUR IN YOUR AREA -TOKYO DOME-,49,0.0932,129.917,6,spotify:track:3u6Knotm44XwggprlvmPtW,0.383
6,0.0767,BLACKPINK 2019-2020 WORLD TOUR IN YOUR AREA -TOKYO DOME- (Live),0.584,0.955,5IKRga8drUYZ5IqON5xXbx,0.0,0.555,-4.182,REALLY - JP Ver./ BLACKPINK 2019-2020 WORLD TOUR IN YOUR AREA -TOKYO DOME-,48,0.0691,142.073,7,spotify:track:5IKRga8drUYZ5IqON5xXbx,0.793
7,0.0614,BLACKPINK 2019-2020 WORLD TOUR IN YOUR AREA -TOKYO DOME- (Live),0.685,0.93,06WghRVH4Yyvu4mtDJ0bfU,0.0,0.304,-5.265,SEE U LATER - JP Ver./ BLACKPINK 2019-2020 WORLD TOUR IN YOUR AREA -TOKYO DOME-,47,0.0839,106.976,8,spotify:track:06WghRVH4Yyvu4mtDJ0bfU,0.624
8,0.113,BLACKPINK 2019-2020 WORLD TOUR IN YOUR AREA -TOKYO DOME- (Live),0.611,0.871,614TWJTbiXsJCPxMpnKi0L,0.0,0.64,-5.24,PLAYING WITH FIRE - JP Ver./ BLACKPINK 2019-2020 WORLD TOUR IN YOUR AREA -TOKYO DOME-,47,0.0538,97.0,9,spotify:track:614TWJTbiXsJCPxMpnKi0L,0.645
9,0.133,BLACKPINK 2019-2020 WORLD TOUR IN YOUR AREA -TOKYO DOME- (Live),0.648,0.819,3oZWZlxfXuUbbUPndAfmRR,0.0,0.359,-5.435,Kick It - JP Ver./ BLACKPINK 2019-2020 WORLD TOUR IN YOUR AREA -TOKYO DOME-,47,0.0492,125.123,10,spotify:track:3oZWZlxfXuUbbUPndAfmRR,0.443
10,0.0228,BLACKPINK 2019-2020 WORLD TOUR IN YOUR AREA -TOKYO DOME- (Live),0.611,0.906,2u8Msh7gewUrmJ74K8HZNq,0.0,0.594,-4.977,BOOMBAYAH - JP Ver./ BLACKPINK 2019-2020 WORLD TOUR IN YOUR AREA -TOKYO DOME-,48,0.117,124.972,11,spotify:track:2u8Msh7gewUrmJ74K8HZNq,0.468
11,0.153,BLACKPINK 2019-2020 WORLD TOUR IN YOUR AREA -TOKYO DOME- (Live),0.597,0.943,1hPIpoUwxbXBp5fGMSDcXx,0.0,0.328,-3.971,AS IF IT’S YOUR LAST - JP Ver./ BLACKPINK 2019-2020 WORLD TOUR IN YOUR AREA -TOKYO DOME-,47,0.137,125.044,12,spotify:track:1hPIpoUwxbXBp5fGMSDcXx,0.586
14,0.276,BLACKPINK 2018 TOUR 'IN YOUR AREA' SEOUL (Live),0.564,0.776,6zlLFk0ZjBkA80p6xcZ8Ac,0.0,0.332,-4.999,STAY (Remix Version) - Live,43,0.0457,87.952,3,spotify:track:6zlLFk0ZjBkA80p6xcZ8Ac,0.456
18,0.132,BLACKPINK 2018 TOUR 'IN YOUR AREA' SEOUL (Live),0.635,0.908,3mGle2Kpzw3E6G0g0T79QN,0.0,0.435,-4.433,Really (Reggae Version) - Live,43,0.117,141.99,7,spotify:track:3mGle2Kpzw3E6G0g0T79QN,0.77
23,0.14,BLACKPINK 2018 TOUR 'IN YOUR AREA' SEOUL (Live),0.681,0.923,6w5egqwHmhrBJsw8soFcuU,0.0,0.409,-3.781,WHISTLE (Remix Version) - Live,42,0.0935,112.952,12,spotify:track:6w5egqwHmhrBJsw8soFcuU,0.532
24,0.0413,BLACKPINK 2018 TOUR 'IN YOUR AREA' SEOUL (Live),0.58,0.896,1b7PAugOHr8ZjD1Dbj8fON,0.0,0.449,-3.411,DDU DDU-DU (Remix Version) - Live,43,0.131,139.973,13,spotify:track:1b7PAugOHr8ZjD1Dbj8fON,0.379
26,0.0184,BLACKPINK 2018 TOUR 'IN YOUR AREA' SEOUL - Live,0.55,0.901,69Bi7veKMrb2mRq00HkRyO,5.07e-06,0.368,-4.635,DDU-DU DDU-DU - Live,58,0.228,139.916,1,spotify:track:69Bi7veKMrb2mRq00HkRyO,0.359
27,0.0675,BLACKPINK 2018 TOUR 'IN YOUR AREA' SEOUL - Live,0.501,0.929,2KbDqDFhB41oENnpdBLl2x,0.0,0.476,-4.592,Forever Young - Live,47,0.101,109.612,2,spotify:track:2KbDqDFhB41oENnpdBLl2x,0.371
28,0.276,BLACKPINK 2018 TOUR 'IN YOUR AREA' SEOUL - Live,0.564,0.776,1ULCr3veBCQax14sdKx8Zz,0.0,0.332,-4.999,STAY - Live - Remix,46,0.0457,87.952,3,spotify:track:1ULCr3veBCQax14sdKx8Zz,0.456
29,0.0319,BLACKPINK 2018 TOUR 'IN YOUR AREA' SEOUL - Live,0.714,0.813,4unZivWgVEuHSwS3yEzhca,0.0,0.68,-5.183,WHISTLE - Live,45,0.0849,103.019,4,spotify:track:4unZivWgVEuHSwS3yEzhca,0.511
30,0.469,BLACKPINK 2018 TOUR 'IN YOUR AREA' SEOUL - Live,0.331,0.6,4PIPs68SEeyJbKvzYtZs1c,0.0,0.473,-6.17,YOU & I + ONLY LOOK AT ME - Live,49,0.051,139.78,5,spotify:track:4PIPs68SEeyJbKvzYtZs1c,0.208
31,0.0872,BLACKPINK 2018 TOUR 'IN YOUR AREA' SEOUL - Live,0.593,0.682,76bx2vIjdLTLyYG1tUdjdM,0.0,0.86,-6.755,SOLO - Live,48,0.287,95.218,6,spotify:track:76bx2vIjdLTLyYG1tUdjdM,0.239
32,0.132,BLACKPINK 2018 TOUR 'IN YOUR AREA' SEOUL - Live,0.635,0.908,4ODurxj27GoF8giSpGpFb4,0.0,0.435,-4.433,Really - Live - Reggae,46,0.117,141.99,7,spotify:track:4ODurxj27GoF8giSpGpFb4,0.77
33,0.00924,BLACKPINK 2018 TOUR 'IN YOUR AREA' SEOUL - Live,0.71,0.914,6Reeb3rf94FjBZXXvX8oKH,1.44e-05,0.358,-5.421,See U Later - Live,45,0.1,107.024,8,spotify:track:6Reeb3rf94FjBZXXvX8oKH,0.494
34,0.0476,BLACKPINK 2018 TOUR 'IN YOUR AREA' SEOUL - Live,0.607,0.77,0qSKlbDqG0kl05xzmypfht,0.0,0.69,-4.842,PLAYING WITH FIRE - Live,45,0.0463,97.083,9,spotify:track:0qSKlbDqG0kl05xzmypfht,0.462
35,0.0786,BLACKPINK 2018 TOUR 'IN YOUR AREA' SEOUL - Live,0.613,0.863,6VYBZAx5gthgG13v5EmqF1,0.0,0.342,-4.388,BOOMBAYAH - Live,45,0.0826,124.922,10,spotify:track:6VYBZAx5gthgG13v5EmqF1,0.409
36,0.19,BLACKPINK 2018 TOUR 'IN YOUR AREA' SEOUL - Live,0.643,0.918,6dQm3qZcTwbHETRI09g0lW,0.0,0.592,-3.866,As If It's Your Last - Live,45,0.107,125.0,11,spotify:track:6dQm3qZcTwbHETRI09g0lW,0.428
37,0.14,BLACKPINK 2018 TOUR 'IN YOUR AREA' SEOUL - Live,0.681,0.923,7tKRoZAgyJ3onTmtLTrHpR,0.0,0.409,-3.781,WHISTLE - Live - Remix,45,0.0935,112.952,12,spotify:track:7tKRoZAgyJ3onTmtLTrHpR,0.532
38,0.0413,BLACKPINK 2018 TOUR 'IN YOUR AREA' SEOUL - Live,0.58,0.896,0U9QYwRpAx6zNaOzfqka3h,0.0,0.449,-3.411,DDU-DU DDU-DU - Live - Remix,45,0.131,139.973,13,spotify:track:0U9QYwRpAx6zNaOzfqka3h,0.379
39,0.594,BLACKPINK 2018 TOUR 'IN YOUR AREA' SEOUL - Live,0.342,0.39,2m2FYNpmv0zTbrLJytR6N9,0.0,0.966,-8.777,STAY - Live,43,0.0477,175.027,14,spotify:track:2m2FYNpmv0zTbrLJytR6N9,0.489
40,0.0918,"BLACKPINK ARENA TOUR 2018 ""SPECIAL FINAL IN KYOCERA DOME OSAKA""",0.571,0.849,6PDvHZDWtGSVr8LXN3stsH,4.46e-06,0.936,-8.306,"DDU-DU DDU-DU - BLACKPINK ARENA TOUR 2018 ""SPECIAL FINAL IN KYOCERA DOME OSAKA""",44,0.143,139.937,1,spotify:track:6PDvHZDWtGSVr8LXN3stsH,0.39
41,0.0412,"BLACKPINK ARENA TOUR 2018 ""SPECIAL FINAL IN KYOCERA DOME OSAKA""",0.588,0.897,32ssBfmhrG6qbEapVNwAOm,0.0,0.708,-6.947,"FOREVER YOUNG - BLACKPINK ARENA TOUR 2018 ""SPECIAL FINAL IN KYOCERA DOME OSAKA""",42,0.0821,109.838,2,spotify:track:32ssBfmhrG6qbEapVNwAOm,0.379
42,0.655,"BLACKPINK ARENA TOUR 2018 ""SPECIAL FINAL IN KYOCERA DOME OSAKA""",0.729,0.512,3QuzFJUtG9H4RoEv5J9mCP,0.0,0.695,-9.975,"WHISTLE - Acoustic Ver. BLACKPINK ARENA TOUR 2018 ""SPECIAL FINAL IN KYOCERA DOME OSAKA""",42,0.0527,102.935,3,spotify:track:3QuzFJUtG9H4RoEv5J9mCP,0.663
43,0.245,"BLACKPINK ARENA TOUR 2018 ""SPECIAL FINAL IN KYOCERA DOME OSAKA""",0.551,0.407,5x9VzjchhXQfDBZcnO5xPM,0.0,0.298,-8.613,"STAY - BLACKPINK ARENA TOUR 2018 ""SPECIAL FINAL IN KYOCERA DOME OSAKA""",42,0.0306,88.099,4,spotify:track:5x9VzjchhXQfDBZcnO5xPM,0.507
44,0.837,"BLACKPINK ARENA TOUR 2018 ""SPECIAL FINAL IN KYOCERA DOME OSAKA""",0.359,0.29,7Iv6YcXoLNhTPYhHqtyNUy,0.0,0.507,-11.105,"LET IT BE〜 YOU&I〜 ONLY LOOK AT ME / ROSÉ - BLACKPINK ARENA TOUR 2018 ""SPECIAL FINAL IN KYOCERA DOME OSAKA""",58,0.038,137.304,5,spotify:track:7Iv6YcXoLNhTPYhHqtyNUy,0.226
45,0.456,"BLACKPINK ARENA TOUR 2018 ""SPECIAL FINAL IN KYOCERA DOME OSAKA""",0.267,0.312,1sIKkwYIffUw0vLU8RsWIR,0.0,0.31,-11.951,"雪の華 / JISOO - LIVE BLACKPINK ARENA TOUR 2018 ""SPECIAL FINAL IN KYOCERA DOME OSAKA""",52,0.0314,142.572,6,spotify:track:1sIKkwYIffUw0vLU8RsWIR,0.327
46,0.0535,"BLACKPINK ARENA TOUR 2018 ""SPECIAL FINAL IN KYOCERA DOME OSAKA""",0.649,0.637,5S7by1wwGii36WAs4sBjzc,5.3e-06,0.95,-9.747,"SOLO - BLACKPINK ARENA TOUR 2018 ""SPECIAL FINAL IN KYOCERA DOME OSAKA""",53,0.263,95.009,7,spotify:track:5S7by1wwGii36WAs4sBjzc,0.365
47,0.127,"BLACKPINK ARENA TOUR 2018 ""SPECIAL FINAL IN KYOCERA DOME OSAKA""",0.497,0.58,6149wOhItvVX0zoa1KK5hw,0.0,0.671,-10.129,"ラスト・クリスマス 〜 赤鼻のトナカイ - BLACKPINK ARENA TOUR 2018 ""SPECIAL FINAL IN KYOCERA DOME OSAKA""",45,0.0648,106.953,8,spotify:track:6149wOhItvVX0zoa1KK5hw,0.622
48,0.13,"BLACKPINK ARENA TOUR 2018 ""SPECIAL FINAL IN KYOCERA DOME OSAKA""",0.65,0.697,6X9DNG2WR3IclfneGurU0T,0.0,0.862,-9.582,"Kiss and Make Up - BLACKPINK ARENA TOUR 2018 ""SPECIAL FINAL IN KYOCERA DOME OSAKA""",54,0.272,99.771,9,spotify:track:6X9DNG2WR3IclfneGurU0T,0.551
49,0.0588,"BLACKPINK ARENA TOUR 2018 ""SPECIAL FINAL IN KYOCERA DOME OSAKA""",0.783,0.809,1fMXWEkJpIH483OrKn1zFV,1e-05,0.515,-10.0,"SO HOT - THEBLACKLABEL REMIX BLACKPINK ARENA TOUR 2018 ""SPECIAL FINAL IN KYOCERA DOME OSAKA""",64,0.221,140.025,10,spotify:track:1fMXWEkJpIH483OrKn1zFV,0.814
50,0.0229,"BLACKPINK ARENA TOUR 2018 ""SPECIAL FINAL IN KYOCERA DOME OSAKA""",0.711,0.815,7nWREW5AWOgLMmW6jKJUEz,0.0,0.803,-7.164,"REALLY - BLACKPINK ARENA TOUR 2018 ""SPECIAL FINAL IN KYOCERA DOME OSAKA""",41,0.118,141.973,11,spotify:track:7nWREW5AWOgLMmW6jKJUEz,0.804
51,0.0376,"BLACKPINK ARENA TOUR 2018 ""SPECIAL FINAL IN KYOCERA DOME OSAKA""",0.737,0.871,5dYjvCegNq6LbwWTzy1xIC,0.0,0.84,-7.936,"SEE U LATER - BLACKPINK ARENA TOUR 2018 ""SPECIAL FINAL IN KYOCERA DOME OSAKA""",41,0.125,106.978,12,spotify:track:5dYjvCegNq6LbwWTzy1xIC,0.685
52,0.0677,"BLACKPINK ARENA TOUR 2018 ""SPECIAL FINAL IN KYOCERA DOME OSAKA""",0.682,0.835,1uK64bAOSKhKFTUwrF2r2p,0.0,0.797,-6.269,"BOOMBAYAH - BLACKPINK ARENA TOUR 2018 ""SPECIAL FINAL IN KYOCERA DOME OSAKA""",42,0.0928,125.056,13,spotify:track:1uK64bAOSKhKFTUwrF2r2p,0.421
53,0.0231,"BLACKPINK ARENA TOUR 2018 ""SPECIAL FINAL IN KYOCERA DOME OSAKA""",0.619,0.756,6b5xktkZLF96lv5HrFucu4,0.0,0.842,-6.859,"PLAYING WITH FIRE - BLACKPINK ARENA TOUR 2018 ""SPECIAL FINAL IN KYOCERA DOME OSAKA""",41,0.122,96.97,14,spotify:track:6b5xktkZLF96lv5HrFucu4,0.593
54,0.0475,"BLACKPINK ARENA TOUR 2018 ""SPECIAL FINAL IN KYOCERA DOME OSAKA""",0.626,0.833,4sB4UCnEu6UVC0dWtCqUAT,0.0,0.574,-6.327,"AS IF IT’S YOUR LAST - BLACKPINK ARENA TOUR 2018 ""SPECIAL FINAL IN KYOCERA DOME OSAKA""",42,0.0778,125.027,15,spotify:track:4sB4UCnEu6UVC0dWtCqUAT,0.516
55,0.023,BLACKPINK IN YOUR AREA,0.748,0.873,5nIjOnMbC0QDMrYFLGx0yV,2.76e-06,0.377,-2.179,BOOMBAYAH,65,0.0516,124.951,1,spotify:track:5nIjOnMbC0QDMrYFLGx0yV,0.506
56,0.00237,BLACKPINK IN YOUR AREA,0.825,0.721,3sgrwjWNJy753U30irIdEN,0.0,0.0977,-5.444,WHISTLE,55,0.0473,102.999,2,spotify:track:3sgrwjWNJy753U30irIdEN,0.59
57,0.0243,BLACKPINK IN YOUR AREA,0.664,0.779,29x3S9kmzTGHswtjSVeUPr,0.0,0.178,-3.836,PLAYING WITH FIRE,54,0.0681,97.032,3,spotify:track:29x3S9kmzTGHswtjSVeUPr,0.655
58,0.585,BLACKPINK IN YOUR AREA,0.382,0.4,4AESxPBujvuBbCAfBuA2sq,0.0,0.178,-7.38,STAY,52,0.0391,175.899,4,spotify:track:4AESxPBujvuBbCAfBuA2sq,0.405
59,0.123,BLACKPINK IN YOUR AREA,0.767,0.868,5DVgfulxeJZJYc8FseyfUf,0.0,0.0681,-2.252,AS IF IT’S YOUR LAST,50,0.0733,125.066,5,spotify:track:5DVgfulxeJZJYc8FseyfUf,0.506
60,0.0295,BLACKPINK IN YOUR AREA,0.71,0.835,4jUEHIrc443f743JbyLN0y,0.0,0.209,-3.499,DDU-DU DDU-DU,63,0.0586,139.948,6,spotify:track:4jUEHIrc443f743JbyLN0y,0.447
61,0.0816,BLACKPINK IN YOUR AREA,0.635,0.969,02h4inVwwNX1cMuGCDtsgV,0.0,0.0613,-1.088,FOREVER YOUNG,61,0.0565,110.046,7,spotify:track:02h4inVwwNX1cMuGCDtsgV,0.46
62,0.0284,BLACKPINK IN YOUR AREA,0.715,0.874,6OKXcx7tClGAS0o2cOTl2v,0.0,0.28,-2.318,REALLY,59,0.104,142.016,8,spotify:track:6OKXcx7tClGAS0o2cOTl2v,0.951
63,0.0318,BLACKPINK IN YOUR AREA,0.774,0.907,7IS4NciwYPs1wMywOKx69z,0.0,0.544,-3.729,SEE U LATER,60,0.114,107.004,9,spotify:track:7IS4NciwYPs1wMywOKx69z,0.641
65,0.0253,IT'z ME,0.858,0.808,3hfDZLiG750YzHooub4WHb,0.000195,0.336,-5.115,TING TING TING with Oliver Heldens,43,0.114,123.962,2,spotify:track:3hfDZLiG750YzHooub4WHb,0.843
71,0.00795,It'z Me,0.809,0.911,6tCssnvTUREcperDOUTqvA,0.000179,0.181,-4.41,WANNABE,80,0.0617,122.035,1,spotify:track:6tCssnvTUREcperDOUTqvA,0.64
72,0.0253,It'z Me,0.858,0.808,7ADlvg3uIjCvItqeJPgDbu,0.000195,0.336,-5.115,TING TING TING (with Oliver Heldens),59,0.114,123.962,2,spotify:track:7ADlvg3uIjCvItqeJPgDbu,0.843
73,0.0152,It'z Me,0.779,0.924,67lCDm8Z4KcFQPIRrqaaQr,1.82e-05,0.183,-4.915,THAT’S A NO NO,58,0.0788,120.045,3,spotify:track:67lCDm8Z4KcFQPIRrqaaQr,0.776
74,0.0359,It'z Me,0.693,0.868,7JSaztudhBzfGiudI1QMJl,0.0,0.193,-5.322,NOBODY LIKE YOU,57,0.065,90.024,4,spotify:track:7JSaztudhBzfGiudI1QMJl,0.716
75,0.0269,It'z Me,0.705,0.723,5Hvr3JCRoAIKXDnXyg02OU,0.000217,0.0632,-5.306,YOU MAKE ME,53,0.0852,170.049,5,spotify:track:5Hvr3JCRoAIKXDnXyg02OU,0.605
76,0.0235,It'z Me,0.799,0.885,427ztPo5YDc2TgebnaFtgW,0.0196,0.365,-5.537,I DON’T WANNA DANCE,53,0.0761,124.025,6,spotify:track:427ztPo5YDc2TgebnaFtgW,0.804
77,0.0507,It'z Me,0.932,0.614,14TxLhdCi8gfO49n7RT2W6,0.0,0.386,-5.966,24HRS,54,0.208,99.994,7,spotify:track:14TxLhdCi8gfO49n7RT2W6,0.798
78,0.353,Oneiric Diary,0.655,0.44,45bGVGcHNCiO99zi0Ts28B,1.62e-06,0.373,-4.654,Welcome,60,0.0316,121.962,1,spotify:track:45bGVGcHNCiO99zi0Ts28B,0.595
79,0.131,Oneiric Diary,0.703,0.941,3FARQP8fA49bSsTWjNyWmY,0.0,0.319,-0.995,Secret Story of the Swan,75,0.0808,102.969,2,spotify:track:3FARQP8fA49bSsTWjNyWmY,0.758
80,0.0466,Oneiric Diary,0.739,0.954,6PO6h2KRY23z4KCh1ylTAO,0.0,0.268,-1.049,Pretty,61,0.0561,123.948,3,spotify:track:6PO6h2KRY23z4KCh1ylTAO,0.849
81,0.0245,Oneiric Diary,0.698,0.971,6yWQi5Nq9ipDBLBi4kwRl0,0.0,0.358,-1.087,Merry-Go-Round,62,0.113,122.028,4,spotify:track:6yWQi5Nq9ipDBLBi4kwRl0,0.719
82,0.126,Oneiric Diary,0.81,0.931,6SJNYr4HPQK678UZZI4yQP,0.0,0.376,-1.27,Rococo,59,0.154,117.975,5,spotify:track:6SJNYr4HPQK678UZZI4yQP,0.611
83,0.295,Oneiric Diary,0.538,0.84,6jKwsCrTpnQ91HnbeEg9ID,0.0,0.12,-2.091,With*One,59,0.072,171.837,6,spotify:track:6jKwsCrTpnQ91HnbeEg9ID,0.406
84,0.108,Oneiric Diary,0.69,0.934,0xUkWzSW0ps5MjGMs2uPgz,3.33e-06,0.348,-0.975,Secret Story of the Swan - Japanese Version,57,0.0775,102.985,7,spotify:track:0xUkWzSW0ps5MjGMs2uPgz,0.711
85,0.0292,Oneiric Diary,0.706,0.972,2aqYpHp1UCAWcUQNaVRMi3,0.0,0.398,-1.142,Merry-Go-Round - Japanese Version,55,0.116,121.939,8,spotify:track:2aqYpHp1UCAWcUQNaVRMi3,0.662
86,0.0858,BLOOM*IZ,0.552,0.89,3elpxMYpyQHhRnJt5hFEAw,0.0,0.0967,-2.989,EYES,51,0.0633,163.939,1,spotify:track:3elpxMYpyQHhRnJt5hFEAw,0.367
87,0.062,BLOOM*IZ,0.758,0.927,71vPAjlG1x606483GTJNhY,0.0,0.343,-2.105,FIESTA,71,0.0537,122.999,2,spotify:track:71vPAjlG1x606483GTJNhY,0.738
88,0.0258,BLOOM*IZ,0.688,0.787,3Hpzmd4GsW2vqxNplwUL1r,0.0,0.179,-3.894,DREAMLIKE,53,0.0317,100.005,3,spotify:track:3Hpzmd4GsW2vqxNplwUL1r,0.553
89,0.167,BLOOM*IZ,0.639,0.883,4Cuh5uqjIgUw4GRxqABUxh,0.0,0.287,-2.348,AYAYAYA,60,0.119,110.113,4,spotify:track:4Cuh5uqjIgUw4GRxqABUxh,0.773
90,0.227,BLOOM*IZ,0.758,0.912,5Dtl6eFApX6pLHZ19LuhHj,0.0,0.515,-2.966,SO CURIOUS,52,0.0501,118.019,5,spotify:track:5Dtl6eFApX6pLHZ19LuhHj,0.772
91,0.123,BLOOM*IZ,0.662,0.9,6mjHRq4u7xiXgCyBNVJsY3,0.0,0.3,-2.037,SPACESHIP,56,0.192,162.016,6,spotify:track:6mjHRq4u7xiXgCyBNVJsY3,0.857
92,0.133,BLOOM*IZ,0.409,0.876,2ZelaRgy9eWXdzwEVtccpI,0.0,0.149,-2.406,DESTINY,48,0.046,155.09,7,spotify:track:2ZelaRgy9eWXdzwEVtccpI,0.456
93,0.631,BLOOM*IZ,0.502,0.494,7w6fngsvPAtcQEIoWjDizj,0.0,0.0699,-5.623,YOU & I,48,0.0296,90.865,8,spotify:track:7w6fngsvPAtcQEIoWjDizj,0.257
94,0.231,BLOOM*IZ,0.727,0.878,4qj6sQ5Y3tY4MIEEzqGLhT,0.0,0.062,-3.001,DAYDREAM,48,0.0447,112.026,9,spotify:track:4qj6sQ5Y3tY4MIEEzqGLhT,0.914
95,0.134,BLOOM*IZ,0.591,0.871,2d1aFHa8mWwqsxx15G3lUd,1.81e-06,0.0732,-2.963,PINK BLUSHER,47,0.093,173.958,10,spotify:track:2d1aFHa8mWwqsxx15G3lUd,0.587
96,0.751,BLOOM*IZ,0.425,0.487,37eYruVOoxoxp9p4neptCp,0.0,0.109,-5.03,SOMEDAY,52,0.0417,74.333,11,spotify:track:37eYruVOoxoxp9p4neptCp,0.304
97,0.319,BLOOM*IZ,0.699,0.945,3OI0odpXG2qYgndvHZa9kW,0.0,0.081,-1.795,OPEN YOUR EYES,50,0.0804,130.01,12,spotify:track:3OI0odpXG2qYgndvHZa9kW,0.937
98,0.195,HEART*IZ,0.752,0.907,4D9tFEkG8uxpkpnTV2In8p,0.0,0.0595,-2.966,Hey. Bae. Like it.,49,0.0545,109.962,1,spotify:track:4D9tFEkG8uxpkpnTV2In8p,0.749
99,0.00373,HEART*IZ,0.715,0.88,0ahbzg4GCq3wJzUM3cjS3N,0.0,0.104,-2.94,Violeta,66,0.0685,115.012,2,spotify:track:0ahbzg4GCq3wJzUM3cjS3N,0.669
100,0.0135,HEART*IZ,0.646,0.867,0288jQaJZLqK5hvPokmNBX,0.0,0.108,-4.921,Highlight,56,0.0932,123.727,3,spotify:track:0288jQaJZLqK5hvPokmNBX,0.416
101,0.686,HEART*IZ,0.471,0.519,3URg7w8UOCAM15IqNmMcfb,0.0,0.0862,-4.091,Really Like You,49,0.0313,95.766,4,spotify:track:3URg7w8UOCAM15IqNmMcfb,0.108
103,0.0387,HEART*IZ,0.694,0.921,0yKtEkiVN8rPDWbtn6HvDd,0.0,0.0846,-2.04,Up,54,0.032,122.028,6,spotify:track:0yKtEkiVN8rPDWbtn6HvDd,0.776
104,0.316,HEART*IZ,0.481,0.889,06XbkcpMT2wM8edgbwQL4X,0.0,0.397,-3.599,NEKONI NARITAI - Korean ver.,41,0.0541,195.919,7,spotify:track:06XbkcpMT2wM8edgbwQL4X,0.723
105,0.0054,HEART*IZ,0.643,0.962,5nmpMkZq1J06Uq8Dcl0lT5,0.000201,0.374,-3.553,GOKIGEN SAYONARA - Korean ver.,43,0.0365,128.0,8,spotify:track:5nmpMkZq1J06Uq8Dcl0lT5,0.683
106,0.0551,COLOR*IZ,0.71,0.899,6Xw8CSd3R6xqCmHHB9pBhb,0.0,0.203,-2.785,Colors,51,0.0335,108.006,1,spotify:track:6Xw8CSd3R6xqCmHHB9pBhb,0.818
107,0.0359,COLOR*IZ,0.559,0.844,0nlG0Y0QowCD7EF5GScNiv,0.0,0.625,-2.817,O' My!,50,0.234,201.845,2,spotify:track:0nlG0Y0QowCD7EF5GScNiv,0.77
108,0.0899,COLOR*IZ,0.698,0.908,1fRaznZsAB2i63TtmYv2Hc,0.0,0.115,-1.211,La Vie en Rose,68,0.0548,115.975,3,spotify:track:1fRaznZsAB2i63TtmYv2Hc,0.606
109,0.145,COLOR*IZ,0.419,0.614,2FQ42rxlSqvR7Q2vGSPcaY,0.0,0.105,-5.557,Memory,47,0.0358,72.989,4,spotify:track:2FQ42rxlSqvR7Q2vGSPcaY,0.249
110,0.188,COLOR*IZ,0.674,0.9,3BojwEFl96Bfv6X05J2Dam,0.0,0.592,-3.114,We Together - IZ*ONE Ver.,48,0.215,115.116,5,spotify:track:3BojwEFl96Bfv6X05J2Dam,0.651
111,0.113,COLOR*IZ,0.684,0.893,1ptM5l7tbT3QCbvYjtBEpV,0.0,0.316,-3.266,Suki ni Nacchaudarou? - IZ*ONE Ver.,47,0.0576,130.963,6,spotify:track:1ptM5l7tbT3QCbvYjtBEpV,0.81
112,0.676,COLOR*IZ,0.543,0.697,5dNrOpWBngVPOL2GXumknK,0.0,0.111,-3.346,Yume wo Miteiru Aida - IZ*ONE Ver.,45,0.031,90.047,7,spotify:track:5dNrOpWBngVPOL2GXumknK,0.323
113,0.846,Love & Evil,0.37,0.404,0HT726L1FN7csp0DmTfwhU,0.672,0.0839,-7.747,Love & Evil,37,0.0321,72.18,1,spotify:track:0HT726L1FN7csp0DmTfwhU,0.19
114,0.845,Love & Evil,0.382,0.651,6LOPo5liG9RE6pBKTVUoEm,0.0,0.34,-2.893,Sonatine,44,0.0349,127.85,2,spotify:track:6LOPo5liG9RE6pBKTVUoEm,0.607
115,0.518,Love & Evil,0.668,0.692,3WALXPWdol0F0quHImXEYm,0.0,0.193,-3.399,Rain 51db,40,0.029,98.037,3,spotify:track:3WALXPWdol0F0quHImXEYm,0.351
116,0.132,Love & Evil,0.743,0.758,3isW89jO5h49OoCHpqediW,0.0,0.116,-4.177,Love & Live,46,0.0521,109.988,4,spotify:track:3isW89jO5h49OoCHpqediW,0.654
117,0.208,Love & Evil,0.786,0.683,5K8aKuDFrWIHyNiPH1slWv,0.0,0.0692,-4.252,You and Me Together,42,0.0438,110.05,5,spotify:track:5K8aKuDFrWIHyNiPH1slWv,0.862
118,0.949,Love & Evil,0.441,0.284,2TUQSG8OGC1cg1uMyJrJks,0.0,0.0978,-8.336,Fairy Tale,39,0.0362,140.206,6,spotify:track:2TUQSG8OGC1cg1uMyJrJks,0.171
119,0.065,Love & Evil,0.72,0.599,4UN3kpjB0RoGXUx2zyNzK0,0.0,0.0522,-4.162,Valentine Girl,39,0.0336,154.957,7,spotify:track:4UN3kpjB0RoGXUx2zyNzK0,0.749
120,0.0485,Max & Match,0.389,0.778,4NzNeHybw9rIbbRb7ztgfm,0.162,0.199,-8.936,ADD,39,0.215,97.869,1,spotify:track:4NzNeHybw9rIbbRb7ztgfm,0.305
121,0.041,Max & Match,0.542,0.862,5fgpCIjBJ098E9zqN9DS87,0.0,0.084,-4.413,Sweet Crazy Love,51,0.0983,111.941,2,spotify:track:5fgpCIjBJ098E9zqN9DS87,0.543
122,0.131,Max & Match,0.75,0.764,2oFbMd0TcgUm7Df4Sx16h9,0.0,0.072,-4.916,Uncover,48,0.0442,130.054,3,spotify:track:2oFbMd0TcgUm7Df4Sx16h9,0.397
123,0.0491,Max & Match,0.72,0.794,5OnchRw2yAuIAwp2RYLCBa,2.14e-05,0.264,-4.084,Girl Front,55,0.156,140.01,4,spotify:track:5OnchRw2yAuIAwp2RYLCBa,0.694
124,0.00186,Max & Match,0.487,0.885,2FwFu6y1aXPWXWcD9RxA6v,3.49e-05,0.102,-3.799,LOONATIC,46,0.0984,149.937,5,spotify:track:2FwFu6y1aXPWXWcD9RxA6v,0.762
125,0.552,Max & Match,0.723,0.784,4wOXL5AcwYT1Lc8IuqZfot,0.0,0.0607,-4.443,Chaotic,43,0.122,135.868,6,spotify:track:4wOXL5AcwYT1Lc8IuqZfot,0.776
126,0.399,Max & Match,0.646,0.731,7hhXSyozEb30vG4dqzqQBv,0.0,0.135,-5.184,Starlight,42,0.0465,119.894,7,spotify:track:7hhXSyozEb30vG4dqzqQBv,0.388
127,0.0335,Max & Match,0.632,0.806,0ZsRFf3jsn4MvGHUoIcKLy,3.19e-06,0.115,-4.319,ODD Front,47,0.0416,139.981,8,spotify:track:0ZsRFf3jsn4MvGHUoIcKLy,0.385
129,0.00776,GO LIVE,0.689,0.771,0i81cQOYOJiUtOwEBaRcAK,0.0,0.521,-3.618,God's Menu,49,0.0548,157.052,2,spotify:track:0i81cQOYOJiUtOwEBaRcAK,0.482
142,0.0318,GO LIVE,0.656,0.869,1M9qmt6EFa0RJJV8C7Y3HO,0.0688,0.0781,-7.606,GO LIVE,65,0.102,153.967,1,spotify:track:1M9qmt6EFa0RJJV8C7Y3HO,0.115
143,0.00776,GO LIVE,0.689,0.771,0RzT9tBLcQhofW2TNiHP9B,0.0,0.521,-3.618,God’s Menu,78,0.0548,157.052,2,spotify:track:0RzT9tBLcQhofW2TNiHP9B,0.482
144,0.000219,GO LIVE,0.701,0.812,2AeLlfB0vLKz7nukzQ97ri,1.03e-05,0.471,-5.175,Easy,67,0.0602,144.1,3,spotify:track:2AeLlfB0vLKz7nukzQ97ri,0.388
145,0.0219,GO LIVE,0.795,0.874,53StevmjK3N3aYHwoxRsBQ,0.0,0.114,-3.602,Pacemaker,65,0.0601,100.024,4,spotify:track:53StevmjK3N3aYHwoxRsBQ,0.497
146,0.0756,GO LIVE,0.796,0.813,45GRs2YmGzTKp2MmafqCjG,0.0,0.0428,-3.116,Airplane,65,0.207,156.047,5,spotify:track:45GRs2YmGzTKp2MmafqCjG,0.858
147,0.422,GO LIVE,0.848,0.453,01UPzueYKNIRn4R9l5neB5,3.67e-05,0.333,-10.234,Another Day,65,0.126,94.991,6,spotify:track:01UPzueYKNIRn4R9l5neB5,0.54
148,0.0491,GO LIVE,0.681,0.923,6m8vPz16wTojmAnVgdWtls,0.0,0.0769,-3.387,Phobia,65,0.042,141.996,7,spotify:track:6m8vPz16wTojmAnVgdWtls,0.551
149,0.0591,GO LIVE,0.744,0.77,560TR1d15nGMXufjbt5tys,0.0,0.287,-4.54,Blueprint,64,0.0599,109.977,8,spotify:track:560TR1d15nGMXufjbt5tys,0.606
150,0.00262,GO LIVE,0.639,0.957,0I952Ff5CiRpdtfpSGUuA9,0.0,0.367,-3.157,TA,64,0.236,126.031,9,spotify:track:0I952Ff5CiRpdtfpSGUuA9,0.487
151,0.0529,GO LIVE,0.677,0.95,6RjcdArzX2hixSXkGVLt1o,0.0,0.102,-3.535,Haven,63,0.0708,129.973,10,spotify:track:6RjcdArzX2hixSXkGVLt1o,0.593
152,0.00316,GO LIVE,0.615,0.941,05E7iRWsq1MYAlJElzCKCv,0.0,0.237,-2.71,"TOP (""Tower of God"" OP)",62,0.131,97.924,11,spotify:track:05E7iRWsq1MYAlJElzCKCv,0.247
153,0.166,GO LIVE,0.608,0.873,2GpRNFluKholHzpWM7t0t8,0.0,0.493,-3.844,"SLUMP (""Tower of God"" ED)",61,0.168,160.048,12,spotify:track:2GpRNFluKholHzpWM7t0t8,0.655
154,0.139,GO LIVE,0.897,0.818,41qqDAW8PnUMNFdqqrvMEz,0.0,0.0465,-4.74,Mixtape : Gone Days,60,0.0668,135.029,13,spotify:track:41qqDAW8PnUMNFdqqrvMEz,0.875
155,0.178,GO LIVE,0.441,0.761,0exBaw5BGLf2MP4MIO0yOh,0.0,0.523,-3.472,Mixtape : On Track,61,0.1,171.288,14,spotify:track:0exBaw5BGLf2MP4MIO0yOh,0.615
156,0.00397,SKZ2020,0.556,0.697,4nqItrfQh19qff8UYiznxU,0.0,0.52,-4.864,Levanter -Japanese ver.-,25,0.0558,149.984,1,spotify:track:4nqItrfQh19qff8UYiznxU,0.375
157,0.0633,SKZ2020,0.755,0.72,2Ez4u34GXqcWPReQrDhtTm,0.0,0.109,-4.975,Double Knot -Japanese ver.-,22,0.392,147.034,2,spotify:track:2Ez4u34GXqcWPReQrDhtTm,0.562
158,0.0179,SKZ2020,0.672,0.865,6TLHpNGuV3kiAHVfkKuEE3,0.0,0.104,-4.166,My Pace -Japanese ver.-,27,0.269,154.979,3,spotify:track:6TLHpNGuV3kiAHVfkKuEE3,0.7
184,0.0414,SKZ2020,0.678,0.951,4pbn3QsIKWv6BawpO14Kzq,0.0,0.378,-2.649,BEWARE,50,0.213,98.028,2,spotify:track:4pbn3QsIKWv6BawpO14Kzq,0.404
185,0.15,SKZ2020,0.68,0.945,3aYsXEPnbdHwIByyJIF4b8,0.0,0.238,-3.472,Spread My Wings,52,0.191,139.887,3,spotify:track:3aYsXEPnbdHwIByyJIF4b8,0.67
186,0.108,SKZ2020,0.674,0.938,3TdDuTNDALwxyPSy8mqVWY,0.0,0.0969,-1.687,YAYAYA,50,0.223,132.041,4,spotify:track:3TdDuTNDALwxyPSy8mqVWY,0.696
188,0.0134,SKZ2020,0.589,0.849,6wFFqR7yjw21vqFvA08PWu,0.0,0.121,-3.761,Mirror,49,0.276,185.936,6,spotify:track:6wFFqR7yjw21vqFvA08PWu,0.518
189,0.114,SKZ2020,0.553,0.944,5m34huZyl058eNO7F4hIG9,0.0,0.353,-3.254,Grow Up,51,0.249,174.096,7,spotify:track:5m34huZyl058eNO7F4hIG9,0.625
194,0.0972,SKZ2020,0.541,0.894,0DKnykHG3eGnUM6YQe7Z5a,0.0,0.0974,-2.989,Awkward Silence,52,0.248,199.821,12,spotify:track:0DKnykHG3eGnUM6YQe7Z5a,0.732
207,0.158,Clé : LEVANTER,0.769,0.862,5rqvgt4X1q8M6PYDQm7PCg,0.000569,0.193,-6.213,STOP,53,0.121,128.025,1,spotify:track:5rqvgt4X1q8M6PYDQm7PCg,0.196
208,0.0634,Clé : LEVANTER,0.754,0.734,3TzrKNQCfNOf1CywNC5U4A,0.0,0.467,-5.352,Double Knot,55,0.349,146.954,2,spotify:track:3TzrKNQCfNOf1CywNC5U4A,0.579
209,0.00747,Clé : LEVANTER,0.559,0.695,4mtPGvoOvfqskC9M3tNZrV,0.0,0.545,-4.722,Levanter,63,0.0518,149.964,3,spotify:track:4mtPGvoOvfqskC9M3tNZrV,0.349
210,0.0724,Clé : LEVANTER,0.657,0.877,0d0dnERp81YYz95fuakZb5,0.0,0.349,-4.929,Booster,53,0.0923,150.05,4,spotify:track:0d0dnERp81YYz95fuakZb5,0.812
211,0.0269,Clé : LEVANTER,0.751,0.843,62namC9dSNTcs6lDhk1WOT,0.0,0.187,-6.539,Astronaut,56,0.0992,120.053,5,spotify:track:62namC9dSNTcs6lDhk1WOT,0.647
212,0.0849,Clé : LEVANTER,0.725,0.655,2wpiWR4tTz4ewnYV1v4KQC,0.0,0.161,-5.766,Sunshine,57,0.0656,143.019,6,spotify:track:2wpiWR4tTz4ewnYV1v4KQC,0.493
213,0.0153,Clé : LEVANTER,0.73,0.757,5VoUJEP8CmWmHrsmcAaNSh,0.0,0.111,-7.042,You Can STAY,54,0.0542,94.986,7,spotify:track:5VoUJEP8CmWmHrsmcAaNSh,0.356
230,0.272,Clé 2 : Yellow Wood,0.718,0.913,28eDLOPRRQUipJ7t4b06Nz,0.00112,0.116,-4.195,Road Not Taken,52,0.129,128.088,1,spotify:track:28eDLOPRRQUipJ7t4b06Nz,0.322
231,0.0215,Clé 2 : Yellow Wood,0.443,0.978,1BiXkuVBXz9IzP7210Zo9I,0.0,0.0545,-1.736,Side Effects,63,0.145,129.987,2,spotify:track:1BiXkuVBXz9IzP7210Zo9I,0.114
232,0.055,Clé 2 : Yellow Wood,0.798,0.852,2tZnDhLZoBE0ufusCEmhAL,0.0,0.0821,-3.225,TMT,51,0.0593,131.98,3,spotify:track:2tZnDhLZoBE0ufusCEmhAL,0.6
233,0.0338,Clé 2 : Yellow Wood,0.796,0.759,5L2p3U6GL2M2ojfZouGIIA,0.0,0.0805,-3.613,Mixtape#1,52,0.081,99.992,4,spotify:track:5L2p3U6GL2M2ojfZouGIIA,0.498
234,0.525,Clé 2 : Yellow Wood,0.602,0.504,6Gmy7RKh5jkBNzrNx0q8o2,0.0,0.219,-5.56,Mixtape#2,53,0.0707,173.958,5,spotify:track:6Gmy7RKh5jkBNzrNx0q8o2,0.484
235,0.236,Clé 2 : Yellow Wood,0.762,0.644,7f6LzwjohLRDhkf7oqwUka,0.0,0.237,-7.349,Mixtape#3,51,0.0426,114.051,6,spotify:track:7f6LzwjohLRDhkf7oqwUka,0.587
236,0.0512,Clé 2 : Yellow Wood,0.682,0.919,2oB05HvHUVNPQI1tTiPoU4,0.0,0.228,-3.168,Mixtape#4,52,0.188,98.067,7,spotify:track:2oB05HvHUVNPQI1tTiPoU4,0.529
237,0.0291,Clé 1 : MIROH,0.664,0.792,2H2a3l3nNrwCRngGylrVwN,0.204,0.118,-6.046,Entrance,48,0.0375,106.002,1,spotify:track:2H2a3l3nNrwCRngGylrVwN,0.602
238,0.00911,Clé 1 : MIROH,0.563,0.979,4WuKHgxdCJsaOBIh7yndty,0.0,0.249,-3.104,MIROH,69,0.104,126.063,2,spotify:track:4WuKHgxdCJsaOBIh7yndty,0.503
239,0.00426,Clé 1 : MIROH,0.757,0.734,6zvxOpyfvj2HH9iciFS0Px,0.0,0.183,-4.535,Victory Song,57,0.0783,103.046,3,spotify:track:6zvxOpyfvj2HH9iciFS0Px,0.499
240,0.194,Clé 1 : MIROH,0.711,0.699,7ruSvscfXs9cGBJo3bHNDn,0.0,0.108,-4.049,Maze of Memories,54,0.279,129.915,4,spotify:track:7ruSvscfXs9cGBJo3bHNDn,0.089
241,0.00781,Clé 1 : MIROH,0.677,0.905,5RqPSSwBwGGxgk7KYLUgay,0.0,0.291,-3.421,Boxer,54,0.107,104.918,5,spotify:track:5RqPSSwBwGGxgk7KYLUgay,0.403
242,0.26,Clé 1 : MIROH,0.501,0.875,2bUNQdhILcUR9BxE42AIMk,0.0,0.185,-3.78,Chronosaurus,53,0.13,200.086,6,spotify:track:2bUNQdhILcUR9BxE42AIMk,0.392
243,0.388,Clé 1 : MIROH,0.78,0.653,5sYZPoYOvnjp4RcWYKisnR,0.0,0.093,-5.107,19,53,0.176,105.176,7,spotify:track:5sYZPoYOvnjp4RcWYKisnR,0.397
244,0.014,I am YOU,0.504,0.966,6XUkHANd4nqJ2n36NIGSfV,0.000534,0.354,-5.349,YOU.,48,0.221,169.986,1,spotify:track:6XUkHANd4nqJ2n36NIGSfV,0.241
245,0.0158,I am YOU,0.655,0.821,59auNCL6Q3hx7eT7bwT55O,0.0,0.131,-4.741,I am YOU,58,0.187,144.977,2,spotify:track:59auNCL6Q3hx7eT7bwT55O,0.672
246,0.00388,I am YOU,0.567,0.91,0JA999rRR2pGjuCnH3iboz,0.0,0.183,-4.485,편 My Side,50,0.09,165.991,3,spotify:track:0JA999rRR2pGjuCnH3iboz,0.347
247,0.301,I am YOU,0.598,0.559,5P4LVqVhX63AsGoF1v6dAH,0.0,0.263,-7.534,해장국 Hero's Soup,51,0.0616,171.851,4,spotify:track:5P4LVqVhX63AsGoF1v6dAH,0.0922
248,0.0893,I am YOU,0.804,0.854,3LAHbEBvDfj38gcUTA8bS7,0.0,0.27,-4.194,Get Cool,61,0.0915,151.955,5,spotify:track:3LAHbEBvDfj38gcUTA8bS7,0.9
249,0.00218,I am YOU,0.822,0.668,5FWazzY9DEqlN7q1xEmEgb,0.0,0.1,-4.845,극과 극 N/S,55,0.055,130.001,6,spotify:track:5FWazzY9DEqlN7q1xEmEgb,0.38
250,0.00718,I am YOU,0.499,0.854,5rNxfRh0OroqFtEG9hd3ML,0.0,0.17,-4.644,0325,49,0.146,170.031,7,spotify:track:5rNxfRh0OroqFtEG9hd3ML,0.589
251,0.0408,I am WHO,0.337,0.846,2pXsVqASVWQgXVrtY4Bp0v,4.49e-06,0.236,-4.003,WHO?,49,0.0682,84.71,1,spotify:track:2pXsVqASVWQgXVrtY4Bp0v,0.364
252,0.0569,I am WHO,0.682,0.831,339xlPKDLkEkFBFkMfAFfJ,0.0,0.0927,-4.234,My Pace,63,0.253,155.12,2,spotify:track:339xlPKDLkEkFBFkMfAFfJ,0.785
253,0.0168,I am WHO,0.649,0.87,1grES9LSTRxKy5QC22VedG,0.0,0.36,-2.475,Voices,57,0.0503,149.927,3,spotify:track:1grES9LSTRxKy5QC22VedG,0.298
254,0.0422,I am WHO,0.758,0.865,0LoUxvHRlxOkZvK0Y4ZJKb,0.0,0.483,-2.546,Question,51,0.091,98.055,4,spotify:track:0LoUxvHRlxOkZvK0Y4ZJKb,0.592
255,0.157,I am WHO,0.651,0.748,4j4ljkDStTGXYS4cA9zrEZ,0.0,0.102,-3.764,불면증 Insomnia,56,0.343,167.964,5,spotify:track:4j4ljkDStTGXYS4cA9zrEZ,0.767
256,0.146,I am WHO,0.82,0.864,5b6tcjRBVcjhUwvPr28heg,0.0,0.178,-3.638,M.I.A.,52,0.189,139.959,6,spotify:track:5b6tcjRBVcjhUwvPr28heg,0.61
257,0.289,I am WHO,0.579,0.915,0ivHl4o98F1DUOA0bQgEZs,0.0,0.154,-2.582,갑자기 분위기 싸해질 필요 없잖아요 Awkward Silence,53,0.224,199.974,7,spotify:track:0ivHl4o98F1DUOA0bQgEZs,0.765
258,0.0203,I am NOT,0.572,0.859,72Yh4fn3T5juTqCqSrcKWM,0.000382,0.236,-6.511,NOT!,47,0.333,170.248,1,spotify:track:72Yh4fn3T5juTqCqSrcKWM,0.403
259,0.0124,I am NOT,0.529,0.956,3oJ7NaVHfhZBR0Yl9L3AhF,3.6e-06,0.119,-1.889,District 9,57,0.265,179.989,2,spotify:track:3oJ7NaVHfhZBR0Yl9L3AhF,0.559
261,0.22,I am NOT,0.568,0.929,7ineiuPt9Zo32gM4YECO3x,0.0,0.507,-1.778,Awaken,48,0.232,81.997,4,spotify:track:7ineiuPt9Zo32gM4YECO3x,0.602
262,0.0196,I am NOT,0.763,0.829,02gZBM6ZAxTYgyMpOdcTE6,5.72e-05,0.0485,-3.448,ROCK (돌) ROCK,49,0.234,141.986,5,spotify:track:02gZBM6ZAxTYgyMpOdcTE6,0.409
263,0.193,I am NOT,0.557,0.935,3S555Zc9GgUL59wbQIPgr7,0.0,0.328,-2.701,잘 하고 있어 Grow Up,51,0.322,174.066,6,spotify:track:3S555Zc9GgUL59wbQIPgr7,0.512
264,0.313,I am NOT,0.661,0.694,6CIeX7pNuEd0VK279BizU5,0.0,0.124,-4.401,3rd Eye,51,0.343,139.76,7,spotify:track:6CIeX7pNuEd0VK279BizU5,0.327
265,0.00816,Mixtape,0.515,0.816,67LJNZyfDA1uaPCtlpyuKN,0.0,0.351,-2.33,Hellevator,65,0.165,78.169,1,spotify:track:67LJNZyfDA1uaPCtlpyuKN,0.288
266,0.0426,Mixtape,0.675,0.963,1oXPJ9hS9fjFiQyQSOChu8,0.0,0.398,-1.884,Grrr 총량의 법칙,50,0.171,97.966,2,spotify:track:1oXPJ9hS9fjFiQyQSOChu8,0.455
267,0.172,Mixtape,0.666,0.938,53qnaL5GjmtOPOQZRsxWKd,0.0,0.319,-2.553,어린 날개,50,0.11,139.96,3,spotify:track:53qnaL5GjmtOPOQZRsxWKd,0.615
269,0.398,Mixtape,0.69,0.722,7H6AnhZQDrzm8JPKcvD1KC,0.0,0.327,-4.905,GLOW,51,0.0831,90.022,5,spotify:track:7H6AnhZQDrzm8JPKcvD1KC,0.604
270,0.000527,Mixtape,0.662,0.957,0k165ayrLWHRW4TYjsArx7,1.11e-06,0.234,-1.602,School Life,50,0.0544,130.01,6,spotify:track:0k165ayrLWHRW4TYjsArx7,0.476
271,0.391,Mixtape,0.567,0.83,3jMozM7QoJvISBip9smWYu,0.0,0.07,-2.933,4419,48,0.0566,85.951,7,spotify:track:3jMozM7QoJvISBip9smWYu,0.659
277,0.00146,MORE & MORE,0.516,0.902,5Y3OPUKCfbGNygyijpeP4e,5.31e-05,0.112,-4.686,DON'T CALL ME AGAIN,50,0.175,187.873,6,spotify:track:5Y3OPUKCfbGNygyijpeP4e,0.613
279,0.0312,MORE & MORE,0.739,0.841,3omvXShuRPM3zbDpWYqf5g,0.0,0.173,-4.162,MORE & MORE,84,0.06,106.99,1,spotify:track:3omvXShuRPM3zbDpWYqf5g,0.562
280,0.0564,MORE & MORE,0.775,0.87,128rj96Z6tTEU3h3awSMdB,2.82e-06,0.273,-4.198,OXYGEN,69,0.0576,129.956,2,spotify:track:128rj96Z6tTEU3h3awSMdB,0.501
281,0.115,MORE & MORE,0.7,0.92,5NhDDt5Zy8yGOECN3PLRdE,2.93e-06,0.701,-1.532,FIREWORK,67,0.0536,108.006,3,spotify:track:5NhDDt5Zy8yGOECN3PLRdE,0.685
282,0.00539,MORE & MORE,0.818,0.633,6caS9LrdquWAfGeAmjqt1t,0.00174,0.0446,-3.145,MAKE ME GO,68,0.0611,111.517,4,spotify:track:6caS9LrdquWAfGeAmjqt1t,0.814
283,0.138,MORE & MORE,0.696,0.751,7HzvvhTmfzvD1dV4F7MIcm,0.0,0.282,-4.966,SHADOW,67,0.161,110.8,5,spotify:track:7HzvvhTmfzvD1dV4F7MIcm,0.478
284,0.00146,MORE & MORE,0.516,0.902,4pOPTaIor4ilgBCcOmnJRU,5.31e-05,0.112,-4.686,DON’T CALL ME AGAIN,64,0.175,187.873,6,spotify:track:4pOPTaIor4ilgBCcOmnJRU,0.613
285,0.0187,MORE & MORE,0.707,0.95,6UrML9LyuaBWgZV3nFLLGl,1.14e-05,0.35,-3.189,SWEET SUMMER DAY,65,0.0645,110.029,7,spotify:track:6UrML9LyuaBWgZV3nFLLGl,0.589
297,0.0216,&TWICE (Repackage),0.709,0.741,3egADkalVEpD99sI5AGGYe,1.33e-06,0.111,-4.085,SWING,55,0.0572,120.002,1,spotify:track:3egADkalVEpD99sI5AGGYe,0.702
318,0.0569,&TWICE,0.678,0.808,4u04u2pxwZtPKCbURB24GT,0.0,0.288,-3.973,Fake & True,53,0.0599,125.938,1,spotify:track:4u04u2pxwZtPKCbURB24GT,0.765
319,0.0217,&TWICE,0.832,0.9,7m9xWqWjyXPzBP1jNbtPrA,0.000138,0.315,-5.645,Stronger,43,0.0647,127.041,2,spotify:track:7m9xWqWjyXPzBP1jNbtPrA,0.962
320,0.0439,&TWICE,0.868,0.728,4270Icl47bsR6qAfSfpqP4,0.0,0.0975,-3.338,Breakthrough,56,0.11,112.006,3,spotify:track:4270Icl47bsR6qAfSfpqP4,0.616
321,0.261,&TWICE,0.832,0.904,4kgu9eJvgj8gOCEh5YKb3x,0.00029,0.0932,-3.116,Changing!,44,0.0729,120.04,4,spotify:track:4kgu9eJvgj8gOCEh5YKb3x,0.81
322,0.173,&TWICE,0.609,0.932,6ZMcwaCE15KXhjsAd5M3Vd,0.000946,0.396,-1.562,HAPPY HAPPY,45,0.145,179.995,5,spotify:track:6ZMcwaCE15KXhjsAd5M3Vd,0.755
323,0.024,&TWICE,0.754,0.91,25RWkl9jIFBN1ynlthsnsh,2.53e-06,0.302,-3.415,What You Waiting For,46,0.0735,119.972,6,spotify:track:25RWkl9jIFBN1ynlthsnsh,0.695
324,0.0305,&TWICE,0.854,0.714,7Cyj9DCOFZpMHa5bi42dlA,0.0,0.0413,-4.641,Be OK,41,0.149,115.017,7,spotify:track:7Cyj9DCOFZpMHa5bi42dlA,0.634
325,0.114,&TWICE,0.642,0.874,2LqjwaWigfLE2G0CoPaSmr,0.00031,0.0397,-5.134,POLISH,42,0.206,204.112,8,spotify:track:2LqjwaWigfLE2G0CoPaSmr,0.888
326,0.0237,&TWICE,0.677,0.745,3SSsWyiigwW44UO14r1HzQ,0.0067,0.0541,-3.771,How u doin',41,0.0463,83.482,9,spotify:track:3SSsWyiigwW44UO14r1HzQ,0.43
327,0.116,&TWICE,0.657,0.643,5wwSCXsbpO8G1FrhkmFiKf,0.0,0.336,-5.057,The Reason Why,45,0.0279,80.01,10,spotify:track:5wwSCXsbpO8G1FrhkmFiKf,0.536
328,0.0296,Feel Special,0.709,0.959,2HtcPHFdo7eu4Ilbvb0BVI,0.00188,0.107,-1.339,Feel Special,77,0.0603,128.983,1,spotify:track:2HtcPHFdo7eu4Ilbvb0BVI,0.644
329,0.0236,Feel Special,0.772,0.849,2U3gA9KzJJ18nV94qCadVP,5.46e-06,0.144,-3.586,RAINBOW,56,0.129,133.994,2,spotify:track:2U3gA9KzJJ18nV94qCadVP,0.762
330,0.0464,Feel Special,0.729,0.953,6JzdKfNTt1tBWG6SNvs87D,0.00159,0.338,-3.672,GET LOUD,59,0.0774,120.009,3,spotify:track:6JzdKfNTt1tBWG6SNvs87D,0.847
331,0.0866,Feel Special,0.752,0.896,1AAfjmO6BmVIrC0N4fPx6E,6.75e-06,0.135,-4.002,TRICK IT,57,0.0742,127.983,4,spotify:track:1AAfjmO6BmVIrC0N4fPx6E,0.659
332,0.118,Feel Special,0.721,0.84,5ipJi9h2ghaThn6EUwO3B2,4.34e-06,0.0576,-2.298,LOVE FOOLISH,61,0.0973,114.965,5,spotify:track:5ipJi9h2ghaThn6EUwO3B2,0.577
333,0.126,Feel Special,0.53,0.727,18Nf1cXsaVgrxR4pNkFgiY,0.0,0.429,-5.006,21:29,55,0.0428,179.938,6,spotify:track:18Nf1cXsaVgrxR4pNkFgiY,0.616
334,0.0434,Feel Special,0.866,0.716,2YYlTkcmc7iSQmYfJER3eh,0.0,0.12,-3.347,BREAKTHROUGH - Korean Version,55,0.121,112.02,7,spotify:track:2YYlTkcmc7iSQmYfJER3eh,0.676
341,0.0486,Feel Special,0.866,0.722,3D9GjkfqcBGxw1VlCOGG9x,0.0,0.0926,-3.336,BREAKTHROUGH - Korean Ver.,47,0.127,112.006,7,spotify:track:3D9GjkfqcBGxw1VlCOGG9x,0.68
342,0.0669,BDZ (Repackage),0.706,0.895,3tmvBNuaB0xCLqajufQ5Fs,0.0,0.237,-3.621,STAY BY MY SIDE,54,0.0502,123.043,1,spotify:track:3tmvBNuaB0xCLqajufQ5Fs,0.562
353,0.383,"The year of ""YES""",0.72,0.655,6kkdPUBJurHTLjaweUWeqz,0.0,0.156,-3.994,The Best Thing I Ever Did,55,0.0248,104.977,1,spotify:track:6kkdPUBJurHTLjaweUWeqz,0.468
363,0.572,"The year of ""YES""",0.671,0.593,2uu3Ht16QmqmXaLvVfU22V,0.0,0.0901,-4.741,Be as ONE - Korean Ver.,36,0.0376,142.045,2,spotify:track:2uu3Ht16QmqmXaLvVfU22V,0.353
371,0.0514,YES or YES,0.702,0.913,0Ll92eLIHWY5gey1ISNMPi,3.71e-06,0.166,-2.977,YES or YES,71,0.0374,137.982,1,spotify:track:0Ll92eLIHWY5gey1ISNMPi,0.735
372,0.304,YES or YES,0.792,0.89,3g3hvoSSVxuNE1Io871SCd,1.64e-06,0.0685,-2.125,SAY YOU LOVE ME,51,0.0705,134.995,2,spotify:track:3g3hvoSSVxuNE1Io871SCd,0.914
373,0.296,YES or YES,0.693,0.872,5I2nWbGzcUFdjEOT90tS5J,0.0,0.196,-2.675,LALALA,50,0.0724,156.985,3,spotify:track:5I2nWbGzcUFdjEOT90tS5J,0.833
374,0.119,YES or YES,0.804,0.621,5kqhPGqTVO6XteDje04z7s,0.0,0.31,-4.864,YOUNG & WILD,49,0.106,104.908,4,spotify:track:5kqhPGqTVO6XteDje04z7s,0.306
375,0.326,YES or YES,0.524,0.91,3czpbe7t5mxqEh7BZ3FsBK,0.0,0.573,-3.845,SUNSET,47,0.152,170.057,5,spotify:track:3czpbe7t5mxqEh7BZ3FsBK,0.772
376,0.575,YES or YES,0.421,0.664,7KqcgT7hLCdkdKaIUTgfH1,0.0,0.123,-3.901,AFTER MOON,48,0.0678,193.874,6,spotify:track:7KqcgT7hLCdkdKaIUTgfH1,0.461
384,0.0154,YES or YES,0.722,0.866,3faO4pLbvIOi8zMofuR0j4,0.0,0.11,-2.711,BDZ - Korean Ver.,34,0.052,137.946,7,spotify:track:3faO4pLbvIOi8zMofuR0j4,0.659
385,0.0113,BDZ,0.715,0.862,6ceKChoZYLdw24Ph1CDFUJ,0.0,0.108,-2.718,BDZ,62,0.0444,137.93,1,spotify:track:6ceKChoZYLdw24Ph1CDFUJ,0.668
386,0.00288,BDZ,0.74,0.928,4DmS8lnz6VbEMWrUcbm8WZ,0.0,0.319,-4.139,One More Time,55,0.0633,129.955,2,spotify:track:4DmS8lnz6VbEMWrUcbm8WZ,0.671
387,0.177,BDZ,0.599,0.943,1XjipVUiZ6PAAWYbUuSQnS,2.6e-05,0.141,-1.457,Candy Pop,51,0.0894,174.059,3,spotify:track:1XjipVUiZ6PAAWYbUuSQnS,0.84
388,0.053,BDZ,0.806,0.858,67adxp0HtY8yqMz53RYopP,0.0,0.109,-2.657,L.O.V.E,44,0.0715,125.005,4,spotify:track:67adxp0HtY8yqMz53RYopP,0.871
389,0.16,BDZ,0.516,0.719,4N1xwTGXlI6hiXlr9A6iKs,0.0,0.0541,-3.27,Wishing,46,0.0458,205.786,5,spotify:track:4N1xwTGXlI6hiXlr9A6iKs,0.433
390,0.279,BDZ,0.751,0.838,3gwojMWTEtzx7AWAzROwNt,0.0,0.0673,-2.794,Say it again,43,0.137,129.985,6,spotify:track:3gwojMWTEtzx7AWAzROwNt,0.579
391,0.209,BDZ,0.656,0.994,0CvJiFydKzLSQUn6McFPrb,0.0,0.318,-1.47,Wake Me Up,54,0.0807,125.979,7,spotify:track:0CvJiFydKzLSQUn6McFPrb,0.795
392,0.016,BDZ,0.674,0.965,1cHjzdNUuVapNB55XykwDC,9.59e-05,0.145,-3.754,BRAND NEW GIRL,52,0.0696,157.041,8,spotify:track:1cHjzdNUuVapNB55XykwDC,0.75
393,0.465,BDZ,0.613,0.558,4Jld19gM5PK84mfXOGpV9C,0.0,0.0975,-4.185,Be as ONE,51,0.0361,142.003,9,spotify:track:4Jld19gM5PK84mfXOGpV9C,0.358
394,0.0148,BDZ,0.713,0.848,54w5JUSWCJu64pnw8alImP,0.0,0.0808,-1.94,I WANT YOU BACK,55,0.0338,106.093,10,spotify:track:54w5JUSWCJu64pnw8alImP,0.787
395,0.106,Summer Nights,0.711,0.861,3t723PlEADna6GjgquoMRW,4.4e-05,0.113,-2.905,Dance The Night Away,70,0.0924,118.004,1,spotify:track:3t723PlEADna6GjgquoMRW,0.78
396,0.134,Summer Nights,0.786,0.832,1n3ZcESTCA7MIiFtkXD9lO,1.35e-06,0.0575,-2.783,CHILLAX,52,0.0593,108.975,2,spotify:track:1n3ZcESTCA7MIiFtkXD9lO,0.741
397,0.0775,Summer Nights,0.67,0.846,5OILZndJWQa66REoWJqeI9,0.0,0.617,-2.634,Shot Thru The Heart,46,0.0429,142.965,3,spotify:track:5OILZndJWQa66REoWJqeI9,0.24
398,0.0988,Summer Nights,0.574,0.909,1IX47gefluXmKX4PrTBCRM,0.0,0.264,-1.572,What is Love,73,0.0655,169.964,4,spotify:track:1IX47gefluXmKX4PrTBCRM,0.565
399,0.0695,Summer Nights,0.674,0.97,4pAMZttZImUT6MquTWywtR,2.19e-06,0.153,-2.281,SWEET TALKER,50,0.0649,159.998,5,spotify:track:4pAMZttZImUT6MquTWywtR,0.797
400,0.104,Summer Nights,0.766,0.895,23sjuUEVDn9Gk45dLkHdsn,1.43e-06,0.0233,-2.342,HO!,47,0.0982,160.009,6,spotify:track:23sjuUEVDn9Gk45dLkHdsn,0.974
401,0.0127,Summer Nights,0.636,0.794,0zjC5IswRxa9KGjwbyW5Ej,1.3e-06,0.0895,-4.072,DEJAVU,43,0.0651,116.776,7,spotify:track:0zjC5IswRxa9KGjwbyW5Ej,0.51
402,0.238,Summer Nights,0.634,0.673,6DKG3voypxpc7FqPN3CbpH,0.0,0.226,-3.989,SAY YES,48,0.0785,80.009,8,spotify:track:6DKG3voypxpc7FqPN3CbpH,0.367
403,0.0544,Summer Nights,0.564,0.796,2IDJfisC6YCHGNrqrORCZs,0.0,0.142,-2.71,STUCK,47,0.0536,157.903,9,spotify:track:2IDJfisC6YCHGNrqrORCZs,0.571
406,0.0747,Summer Nights,0.671,0.852,2Al0AAESPr45idzegiDk7h,0.0,0.524,-2.619,Shot thru the heart,32,0.0439,142.981,3,spotify:track:2Al0AAESPr45idzegiDk7h,0.245
407,0.0846,Summer Nights,0.573,0.91,5Ek40FyMPprcvtyZDjqylX,0.0,0.266,-1.578,What is Love?,59,0.064,169.982,4,spotify:track:5Ek40FyMPprcvtyZDjqylX,0.602
413,0.105,Merry & Happy,0.565,0.943,0O9OnWm3z2B2TjvE051AMV,0.0,0.154,-0.532,Heart Shaker,65,0.0645,164.059,1,spotify:track:0O9OnWm3z2B2TjvE051AMV,0.855
414,0.404,Merry & Happy,0.716,0.63,76qVJ5CbodXgDGleekie9O,0.0,0.0817,-4.122,Merry & Happy,52,0.0376,154.078,2,spotify:track:76qVJ5CbodXgDGleekie9O,0.667
435,0.0557,Merry & Happy,0.658,0.879,1iwKmvgmrgKkAiEil37XWl,0.0,0.233,-3.292,DING DONG,26,0.0531,149.998,8,spotify:track:1iwKmvgmrgKkAiEil37XWl,0.824
438,0.0402,Merry & Happy,0.886,0.62,7l2MmGSzL72TIuuYlcPmbt,0.0087,0.273,-5.116,ROLLIN',26,0.0428,122.014,11,spotify:track:7l2MmGSzL72TIuuYlcPmbt,0.272
443,0.431,twicetagram,0.723,0.898,4Eb5cLWxKQUoUQaKUYSRgI,0.0015,0.136,-1.081,LIKEY,56,0.0354,131.96,1,spotify:track:4Eb5cLWxKQUoUQaKUYSRgI,0.394
444,0.553,twicetagram,0.729,0.804,0gdsdHQiTipWR8LeRSXpJJ,0.0,0.15,-3.428,TURTLE,46,0.135,95.139,2,spotify:track:0gdsdHQiTipWR8LeRSXpJJ,0.609
445,0.212,twicetagram,0.805,0.702,5FwPuSXMh8cfmtWWTJHCM8,0.0,0.112,-3.387,MISSING U,36,0.054,119.995,3,spotify:track:5FwPuSXMh8cfmtWWTJHCM8,0.833
446,0.355,twicetagram,0.776,0.915,10ZvFowDUX7H9Glgn9a1d2,0.0,0.0537,-3.459,WOW,26,0.151,160.092,4,spotify:track:10ZvFowDUX7H9Glgn9a1d2,0.909
447,0.125,twicetagram,0.71,0.946,1qLn52MB7LOWt3TYvrAn1a,3.02e-06,0.282,-2.145,FFW,27,0.0465,127.984,5,spotify:track:1qLn52MB7LOWt3TYvrAn1a,0.895
450,0.146,twicetagram,0.72,0.909,5AHS8rvrlaiW66d32DqNSg,0.0,0.0675,-3.375,LOOK AT ME,35,0.0389,134.898,8,spotify:track:5AHS8rvrlaiW66d32DqNSg,0.662
452,0.251,twicetagram,0.696,0.784,2hwkgh4md78Rs0Nq4HN5v3,0.0,0.11,-4.6,LOVE LINE,31,0.0437,95.019,10,spotify:track:2hwkgh4md78Rs0Nq4HN5v3,0.542
453,0.0574,twicetagram,0.838,0.658,5LH49TmiLoM5TNM8iaPPxP,9.55e-06,0.124,-5.843,DON'T GIVE UP,25,0.0456,102.982,11,spotify:track:5LH49TmiLoM5TNM8iaPPxP,0.414
454,0.286,twicetagram,0.692,0.867,6nfx5va3KMUaeYdi517Fir,0.0,0.109,-4.145,YOU IN MY HEART,32,0.0331,102.988,12,spotify:track:6nfx5va3KMUaeYdi517Fir,0.382
455,0.848,twicetagram,0.721,0.396,1eaCZxdjrLOSwRxkz4kGZV,0.0,0.0911,-8.3,JALJAYO GOOD NIGHT,34,0.0344,133.979,13,spotify:track:1eaCZxdjrLOSwRxkz4kGZV,0.359
456,0.42,Twicetagram,0.722,0.903,4P66rfizAl2nIJCICSMymC,0.000371,0.118,-1.261,Likey,69,0.0331,132.006,1,spotify:track:4P66rfizAl2nIJCICSMymC,0.445
457,0.553,Twicetagram,0.741,0.809,1YaPqQfNDIx8mvcW5pIeE4,0.0,0.142,-3.595,Turtle,54,0.134,94.986,2,spotify:track:1YaPqQfNDIx8mvcW5pIeE4,0.615
458,0.215,Twicetagram,0.807,0.704,4FW8Ty8M7iyKIk2wwNKlcM,0.0,0.108,-3.686,Missing U,48,0.0476,119.965,3,spotify:track:4FW8Ty8M7iyKIk2wwNKlcM,0.856
459,0.355,Twicetagram,0.776,0.917,4twR4vaaqvMbay7jlXCBgl,0.0,0.0532,-3.654,Wow,41,0.157,160.127,4,spotify:track:4twR4vaaqvMbay7jlXCBgl,0.928
460,0.141,Twicetagram,0.707,0.946,0iDyfwY9Yud1i20Q95c4q8,6.44e-06,0.299,-2.324,Ffw,42,0.045,127.965,5,spotify:track:0iDyfwY9Yud1i20Q95c4q8,0.916
461,0.0581,Twicetagram,0.661,0.872,5Yw9IvodOBXAkP7zQTAfbr,0.0,0.24,-3.46,Ding Dong,40,0.0534,150.019,6,spotify:track:5Yw9IvodOBXAkP7zQTAfbr,0.818
462,0.0741,Twicetagram,0.878,0.749,7qJz1gaEgYtx4UJHtOGoJO,1.82e-05,0.404,-4.293,24/7,45,0.0681,123.065,7,spotify:track:7qJz1gaEgYtx4UJHtOGoJO,0.531
463,0.156,Twicetagram,0.719,0.909,2WL1smzwRRjabdSbvV4wKF,1.21e-06,0.0655,-3.585,Look At Me,46,0.0365,134.892,8,spotify:track:2WL1smzwRRjabdSbvV4wKF,0.665
464,0.0462,Twicetagram,0.882,0.629,5TUIKBmNcWqdwie8kV6mKr,0.00838,0.28,-5.313,Rollin',41,0.0446,122.023,9,spotify:track:5TUIKBmNcWqdwie8kV6mKr,0.244
465,0.226,Twicetagram,0.697,0.767,203sd4cosoKgF62jSkqd6z,0.0,0.108,-4.719,Love Line,45,0.0444,94.998,10,spotify:track:203sd4cosoKgF62jSkqd6z,0.519
466,0.0617,Twicetagram,0.839,0.666,4FTczdvR53jxxp6qPBcNMg,8.53e-06,0.132,-6.081,Don't Give Up,40,0.0474,102.992,11,spotify:track:4FTczdvR53jxxp6qPBcNMg,0.454
467,0.288,Twicetagram,0.688,0.858,1nUIe8iHQitSldWAuB5AHp,0.0,0.109,-4.345,You In My Heart,45,0.0328,102.996,12,spotify:track:1nUIe8iHQitSldWAuB5AHp,0.392
468,0.845,Twicetagram,0.719,0.399,14WRue4qjZzL9Bo6q53iwx,0.0,0.0887,-8.421,Jaljayo Good Night,49,0.0332,133.953,13,spotify:track:14WRue4qjZzL9Bo6q53iwx,0.361
