,album,track_number,id,name,uri,acousticness,danceability,energy,instrumentalness,liveness,loudness,speechiness,tempo,valence,time_signature,popularity,release_date,length,artist
0,BLACKPINK 2019-2020 WORLD TOUR IN YOUR AREA -TOKYO DOME- (Live),1,7fqjqOu4HKTN2yP6aV8lpQ,DDU-DU DDU-DU - JP Ver./ BLACKPINK 2019-2020 WORLD TOUR IN YOUR AREA -TOKYO DOME-,spotify:track:7fqjqOu4HKTN2yP6aV8lpQ,0.0496,0.579,0.937,1.64e-06,0.356,-4.719,0.119,139.943,0.422,4,54,2020-05-14,207013,BLACKPINK
1,BLACKPINK 2019-2020 WORLD TOUR IN YOUR AREA -TOKYO DOME- (Live),2,3F7VrA3ttl6i6Z4b2KJ9YR,FOREVER YOUNG - JP Ver./ BLACKPINK 2019-2020 WORLD TOUR IN YOUR AREA -TOKYO DOME-,spotify:track:3F7VrA3ttl6i6Z4b2KJ9YR,0.0955,0.358,0.931,0.0,0.388,-4.643,0.211,114.654,0.479,4,52,2020-05-14,255146,BLACKPINK
2,BLACKPINK 2019-2020 WORLD TOUR IN YOUR AREA -TOKYO DOME- (Live),3,7pt16OMGqeqivEeI1PzkfC,STAY - Remix / JP Ver./ BLACKPINK 2019-2020 WORLD TOUR IN YOUR AREA -TOKYO DOME-,spotify:track:7pt16OMGqeqivEeI1PzkfC,0.29,0.563,0.732,0.0,0.394,-5.943,0.0412,88.005,0.514,4,50,2020-05-14,224493,BLACKPINK
3,BLACKPINK 2019-2020 WORLD TOUR IN YOUR AREA -TOKYO DOME- (Live),4,3iC3qlIi0KqATuA86pRGcZ,WHISTLE - JP Ver./ BLACKPINK 2019-2020 WORLD TOUR IN YOUR AREA -TOKYO DOME-,spotify:track:3iC3qlIi0KqATuA86pRGcZ,0.0127,0.697,0.873,0.0,0.535,-5.638,0.081,103.02,0.611,4,50,2020-05-14,214986,BLACKPINK
4,BLACKPINK 2019-2020 WORLD TOUR IN YOUR AREA -TOKYO DOME- (Live),5,60IHvjpylI1IZHVSZnQSKJ,Kill This Love - JP Ver./ BLACKPINK 2019-2020 WORLD TOUR IN YOUR AREA -TOKYO DOME-,spotify:track:60IHvjpylI1IZHVSZnQSKJ,0.218,0.62,0.898,5.27e-05,0.113,-5.424,0.287,132.03,0.409,4,51,2020-05-14,204000,BLACKPINK
5,BLACKPINK 2019-2020 WORLD TOUR IN YOUR AREA -TOKYO DOME- (Live),6,3u6Knotm44XwggprlvmPtW,Don’t Know What To Do - JP Ver./ BLACKPINK 2019-2020 WORLD TOUR IN YOUR AREA -TOKYO DOME-,spotify:track:3u6Knotm44XwggprlvmPtW,0.0484,0.59,0.76,0.0,0.927,-6.226,0.0932,129.917,0.383,4,49,2020-05-14,203266,BLACKPINK
6,BLACKPINK 2019-2020 WORLD TOUR IN YOUR AREA -TOKYO DOME- (Live),7,5IKRga8drUYZ5IqON5xXbx,REALLY - JP Ver./ BLACKPINK 2019-2020 WORLD TOUR IN YOUR AREA -TOKYO DOME-,spotify:track:5IKRga8drUYZ5IqON5xXbx,0.0767,0.584,0.955,0.0,0.555,-4.182,0.0691,142.073,0.793,4,48,2020-05-14,206720,BLACKPINK
7,BLACKPINK 2019-2020 WORLD TOUR IN YOUR AREA -TOKYO DOME- (Live),8,06WghRVH4Yyvu4mtDJ0bfU,SEE U LATER - JP Ver./ BLACKPINK 2019-2020 WORLD TOUR IN YOUR AREA -TOKYO DOME-,spotify:track:06WghRVH4Yyvu4mtDJ0bfU,0.0614,0.685,0.93,0.0,0.304,-5.265,0.0839,106.976,0.624,4,47,2020-05-14,195986,BLACKPINK
8,BLACKPINK 2019-2020 WORLD TOUR IN YOUR AREA -TOKYO DOME- (Live),9,614TWJTbiXsJCPxMpnKi0L,PLAYING WITH FIRE - JP Ver./ BLACKPINK 2019-2020 WORLD TOUR IN YOUR AREA -TOKYO DOME-,spotify:track:614TWJTbiXsJCPxMpnKi0L,0.113,0.611,0.871,0.0,0.64,-5.24,0.0538,97.0,0.645,4,48,2020-05-14,197573,BLACKPINK
9,BLACKPINK 2019-2020 WORLD TOUR IN YOUR AREA -TOKYO DOME- (Live),10,3oZWZlxfXuUbbUPndAfmRR,Kick It - JP Ver./ BLACKPINK 2019-2020 WORLD TOUR IN YOUR AREA -TOKYO DOME-,spotify:track:3oZWZlxfXuUbbUPndAfmRR,0.133,0.648,0.819,0.0,0.359,-5.435,0.0492,125.123,0.443,4,47,2020-05-14,193920,BLACKPINK
10,BLACKPINK 2019-2020 WORLD TOUR IN YOUR AREA -TOKYO DOME- (Live),11,2u8Msh7gewUrmJ74K8HZNq,BOOMBAYAH - JP Ver./ BLACKPINK 2019-2020 WORLD TOUR IN YOUR AREA -TOKYO DOME-,spotify:track:2u8Msh7gewUrmJ74K8HZNq,0.0228,0.611,0.906,0.0,0.594,-4.977,0.117,124.972,0.468,4,48,2020-05-14,243693,BLACKPINK
11,BLACKPINK 2019-2020 WORLD TOUR IN YOUR AREA -TOKYO DOME- (Live),12,1hPIpoUwxbXBp5fGMSDcXx,AS IF IT’S YOUR LAST - JP Ver./ BLACKPINK 2019-2020 WORLD TOUR IN YOUR AREA -TOKYO DOME-,spotify:track:1hPIpoUwxbXBp5fGMSDcXx,0.153,0.597,0.943,0.0,0.328,-3.971,0.137,125.044,0.586,4,47,2020-05-14,223573,BLACKPINK
14,BLACKPINK 2018 TOUR 'IN YOUR AREA' SEOUL (Live),3,6zlLFk0ZjBkA80p6xcZ8Ac,STAY (Remix Version) - Live,spotify:track:6zlLFk0ZjBkA80p6xcZ8Ac,0.276,0.564,0.776,0.0,0.332,-4.999,0.0457,87.952,0.456,4,43,2019-08-30,222961,BLACKPINK
18,BLACKPINK 2018 TOUR 'IN YOUR AREA' SEOUL (Live),7,3mGle2Kpzw3E6G0g0T79QN,Really (Reggae Version) - Live,spotify:track:3mGle2Kpzw3E6G0g0T79QN,0.132,0.635,0.908,0.0,0.435,-4.433,0.117,141.99,0.77,4,43,2019-08-30,210816,BLACKPINK
23,BLACKPINK 2018 TOUR 'IN YOUR AREA' SEOUL (Live),12,6w5egqwHmhrBJsw8soFcuU,WHISTLE (Remix Version) - Live,spotify:track:6w5egqwHmhrBJsw8soFcuU,0.14,0.681,0.923,0.0,0.409,-3.781,0.0935,112.952,0.532,4,42,2019-08-30,194341,BLACKPINK
24,BLACKPINK 2018 TOUR 'IN YOUR AREA' SEOUL (Live),13,1b7PAugOHr8ZjD1Dbj8fON,DDU DDU-DU (Remix Version) - Live,spotify:track:1b7PAugOHr8ZjD1Dbj8fON,0.0413,0.58,0.896,0.0,0.449,-3.411,0.131,139.973,0.379,4,44,2019-08-30,207169,BLACKPINK
26,BLACKPINK 2018 TOUR 'IN YOUR AREA' SEOUL - Live,1,69Bi7veKMrb2mRq00HkRyO,DDU-DU DDU-DU - Live,spotify:track:69Bi7veKMrb2mRq00HkRyO,0.0184,0.55,0.901,5.07e-06,0.368,-4.635,0.228,139.916,0.359,4,58,2019-08-30,210268,BLACKPINK
27,BLACKPINK 2018 TOUR 'IN YOUR AREA' SEOUL - Live,2,2KbDqDFhB41oENnpdBLl2x,Forever Young - Live,spotify:track:2KbDqDFhB41oENnpdBLl2x,0.0675,0.501,0.929,0.0,0.476,-4.592,0.101,109.612,0.371,4,48,2019-08-30,257434,BLACKPINK
28,BLACKPINK 2018 TOUR 'IN YOUR AREA' SEOUL - Live,3,1ULCr3veBCQax14sdKx8Zz,STAY - Live - Remix,spotify:track:1ULCr3veBCQax14sdKx8Zz,0.276,0.564,0.776,0.0,0.332,-4.999,0.0457,87.952,0.456,4,46,2019-08-30,222961,BLACKPINK
29,BLACKPINK 2018 TOUR 'IN YOUR AREA' SEOUL - Live,4,4unZivWgVEuHSwS3yEzhca,WHISTLE - Live,spotify:track:4unZivWgVEuHSwS3yEzhca,0.0319,0.714,0.813,0.0,0.68,-5.183,0.0849,103.019,0.511,4,45,2019-08-30,218256,BLACKPINK
30,BLACKPINK 2018 TOUR 'IN YOUR AREA' SEOUL - Live,5,4PIPs68SEeyJbKvzYtZs1c,YOU & I + ONLY LOOK AT ME - Live,spotify:track:4PIPs68SEeyJbKvzYtZs1c,0.469,0.331,0.6,0.0,0.473,-6.17,0.051,139.78,0.208,4,49,2019-08-30,190991,BLACKPINK
31,BLACKPINK 2018 TOUR 'IN YOUR AREA' SEOUL - Live,6,76bx2vIjdLTLyYG1tUdjdM,SOLO - Live,spotify:track:76bx2vIjdLTLyYG1tUdjdM,0.0872,0.593,0.682,0.0,0.86,-6.755,0.287,95.218,0.239,4,48,2019-08-30,182867,BLACKPINK
32,BLACKPINK 2018 TOUR 'IN YOUR AREA' SEOUL - Live,7,4ODurxj27GoF8giSpGpFb4,Really - Live - Reggae,spotify:track:4ODurxj27GoF8giSpGpFb4,0.132,0.635,0.908,0.0,0.435,-4.433,0.117,141.99,0.77,4,46,2019-08-30,210816,BLACKPINK
33,BLACKPINK 2018 TOUR 'IN YOUR AREA' SEOUL - Live,8,6Reeb3rf94FjBZXXvX8oKH,See U Later - Live,spotify:track:6Reeb3rf94FjBZXXvX8oKH,0.00924,0.71,0.914,1.44e-05,0.358,-5.421,0.1,107.024,0.494,4,45,2019-08-30,303275,BLACKPINK
34,BLACKPINK 2018 TOUR 'IN YOUR AREA' SEOUL - Live,9,0qSKlbDqG0kl05xzmypfht,PLAYING WITH FIRE - Live,spotify:track:0qSKlbDqG0kl05xzmypfht,0.0476,0.607,0.77,0.0,0.69,-4.842,0.0463,97.083,0.462,4,45,2019-08-30,199033,BLACKPINK
35,BLACKPINK 2018 TOUR 'IN YOUR AREA' SEOUL - Live,10,6VYBZAx5gthgG13v5EmqF1,BOOMBAYAH - Live,spotify:track:6VYBZAx5gthgG13v5EmqF1,0.0786,0.613,0.863,0.0,0.342,-4.388,0.0826,124.922,0.409,4,45,2019-08-30,247735,BLACKPINK
36,BLACKPINK 2018 TOUR 'IN YOUR AREA' SEOUL - Live,11,6dQm3qZcTwbHETRI09g0lW,As If It's Your Last - Live,spotify:track:6dQm3qZcTwbHETRI09g0lW,0.19,0.643,0.918,0.0,0.592,-3.866,0.107,125.0,0.428,4,45,2019-08-30,224629,BLACKPINK
37,BLACKPINK 2018 TOUR 'IN YOUR AREA' SEOUL - Live,12,7tKRoZAgyJ3onTmtLTrHpR,WHISTLE - Live - Remix,spotify:track:7tKRoZAgyJ3onTmtLTrHpR,0.14,0.681,0.923,0.0,0.409,-3.781,0.0935,112.952,0.532,4,45,2019-08-30,194341,BLACKPINK
38,BLACKPINK 2018 TOUR 'IN YOUR AREA' SEOUL - Live,13,0U9QYwRpAx6zNaOzfqka3h,DDU-DU DDU-DU - Live - Remix,spotify:track:0U9QYwRpAx6zNaOzfqka3h,0.0413,0.58,0.896,0.0,0.449,-3.411,0.131,139.973,0.379,4,45,2019-08-30,207169,BLACKPINK
39,BLACKPINK 2018 TOUR 'IN YOUR AREA' SEOUL - Live,14,2m2FYNpmv0zTbrLJytR6N9,STAY - Live,spotify:track:2m2FYNpmv0zTbrLJytR6N9,0.594,0.342,0.39,0.0,0.966,-8.777,0.0477,175.027,0.489,4,44,2019-08-30,261940,BLACKPINK
40,"BLACKPINK ARENA TOUR 2018 ""SPECIAL FINAL IN KYOCERA DOME OSAKA""",1,6PDvHZDWtGSVr8LXN3stsH,"DDU-DU DDU-DU - BLACKPINK ARENA TOUR 2018 ""SPECIAL FINAL IN KYOCERA DOME OSAKA""",spotify:track:6PDvHZDWtGSVr8LXN3stsH,0.0918,0.571,0.849,4.46e-06,0.936,-8.306,0.143,139.937,0.39,4,44,2019-03-13,227500,BLACKPINK
41,"BLACKPINK ARENA TOUR 2018 ""SPECIAL FINAL IN KYOCERA DOME OSAKA""",2,32ssBfmhrG6qbEapVNwAOm,"FOREVER YOUNG - BLACKPINK ARENA TOUR 2018 ""SPECIAL FINAL IN KYOCERA DOME OSAKA""",spotify:track:32ssBfmhrG6qbEapVNwAOm,0.0412,0.588,0.897,0.0,0.708,-6.947,0.0821,109.838,0.379,4,43,2019-03-13,235500,BLACKPINK
42,"BLACKPINK ARENA TOUR 2018 ""SPECIAL FINAL IN KYOCERA DOME OSAKA""",3,3QuzFJUtG9H4RoEv5J9mCP,"WHISTLE - Acoustic Ver. BLACKPINK ARENA TOUR 2018 ""SPECIAL FINAL IN KYOCERA DOME OSAKA""",spotify:track:3QuzFJUtG9H4RoEv5J9mCP,0.655,0.729,0.512,0.0,0.695,-9.975,0.0527,102.935,0.663,4,42,2019-03-13,213933,BLACKPINK
43,"BLACKPINK ARENA TOUR 2018 ""SPECIAL FINAL IN KYOCERA DOME OSAKA""",4,5x9VzjchhXQfDBZcnO5xPM,"STAY - BLACKPINK ARENA TOUR 2018 ""SPECIAL FINAL IN KYOCERA DOME OSAKA""",spotify:track:5x9VzjchhXQfDBZcnO5xPM,0.245,0.551,0.407,0.0,0.298,-8.613,0.0306,88.099,0.507,4,42,2019-03-13,235066,BLACKPINK
44,"BLACKPINK ARENA TOUR 2018 ""SPECIAL FINAL IN KYOCERA DOME OSAKA""",5,7Iv6YcXoLNhTPYhHqtyNUy,"LET IT BE〜 YOU&I〜 ONLY LOOK AT ME / ROSÉ - BLACKPINK ARENA TOUR 2018 ""SPECIAL FINAL IN KYOCERA DOME OSAKA""",spotify:track:7Iv6YcXoLNhTPYhHqtyNUy,0.837,0.359,0.29,0.0,0.507,-11.105,0.038,137.304,0.226,4,58,2019-03-13,296033,BLACKPINK
45,"BLACKPINK ARENA TOUR 2018 ""SPECIAL FINAL IN KYOCERA DOME OSAKA""",6,1sIKkwYIffUw0vLU8RsWIR,"雪の華 / JISOO - LIVE BLACKPINK ARENA TOUR 2018 ""SPECIAL FINAL IN KYOCERA DOME OSAKA""",spotify:track:1sIKkwYIffUw0vLU8RsWIR,0.456,0.267,0.312,0.0,0.31,-11.951,0.0314,142.572,0.327,4,52,2019-03-13,339200,BLACKPINK
46,"BLACKPINK ARENA TOUR 2018 ""SPECIAL FINAL IN KYOCERA DOME OSAKA""",7,5S7by1wwGii36WAs4sBjzc,"SOLO - BLACKPINK ARENA TOUR 2018 ""SPECIAL FINAL IN KYOCERA DOME OSAKA""",spotify:track:5S7by1wwGii36WAs4sBjzc,0.0535,0.649,0.637,5.3e-06,0.95,-9.747,0.263,95.009,0.365,4,53,2019-03-13,170733,BLACKPINK
47,"BLACKPINK ARENA TOUR 2018 ""SPECIAL FINAL IN KYOCERA DOME OSAKA""",8,6149wOhItvVX0zoa1KK5hw,"ラスト・クリスマス 〜 赤鼻のトナカイ - BLACKPINK ARENA TOUR 2018 ""SPECIAL FINAL IN KYOCERA DOME OSAKA""",spotify:track:6149wOhItvVX0zoa1KK5hw,0.127,0.497,0.58,0.0,0.671,-10.129,0.0648,106.953,0.622,4,45,2019-03-13,232566,BLACKPINK
48,"BLACKPINK ARENA TOUR 2018 ""SPECIAL FINAL IN KYOCERA DOME OSAKA""",9,6X9DNG2WR3IclfneGurU0T,"Kiss and Make Up - BLACKPINK ARENA TOUR 2018 ""SPECIAL FINAL IN KYOCERA DOME OSAKA""",spotify:track:6X9DNG2WR3IclfneGurU0T,0.13,0.65,0.697,0.0,0.862,-9.582,0.272,99.771,0.551,4,54,2019-03-13,190500,BLACKPINK
49,"BLACKPINK ARENA TOUR 2018 ""SPECIAL FINAL IN KYOCERA DOME OSAKA""",10,1fMXWEkJpIH483OrKn1zFV,"SO HOT - THEBLACKLABEL REMIX BLACKPINK ARENA TOUR 2018 ""SPECIAL FINAL IN KYOCERA DOME OSAKA""",spotify:track:1fMXWEkJpIH483OrKn1zFV,0.0588,0.783,0.809,1e-05,0.515,-10.0,0.221,140.025,0.814,4,64,2019-03-13,144166,BLACKPINK
50,"BLACKPINK ARENA TOUR 2018 ""SPECIAL FINAL IN KYOCERA DOME OSAKA""",11,7nWREW5AWOgLMmW6jKJUEz,"REALLY - BLACKPINK ARENA TOUR 2018 ""SPECIAL FINAL IN KYOCERA DOME OSAKA""",spotify:track:7nWREW5AWOgLMmW6jKJUEz,0.0229,0.711,0.815,0.0,0.803,-7.164,0.118,141.973,0.804,4,42,2019-03-13,197966,BLACKPINK
51,"BLACKPINK ARENA TOUR 2018 ""SPECIAL FINAL IN KYOCERA DOME OSAKA""",12,5dYjvCegNq6LbwWTzy1xIC,"SEE U LATER - BLACKPINK ARENA TOUR 2018 ""SPECIAL FINAL IN KYOCERA DOME OSAKA""",spotify:track:5dYjvCegNq6LbwWTzy1xIC,0.0376,0.737,0.871,0.0,0.84,-7.936,0.125,106.978,0.685,4,41,2019-03-13,197800,BLACKPINK
52,"BLACKPINK ARENA TOUR 2018 ""SPECIAL FINAL IN KYOCERA DOME OSAKA""",13,1uK64bAOSKhKFTUwrF2r2p,"BOOMBAYAH - BLACKPINK ARENA TOUR 2018 ""SPECIAL FINAL IN KYOCERA DOME OSAKA""",spotify:track:1uK64bAOSKhKFTUwrF2r2p,0.0677,0.682,0.835,0.0,0.797,-6.269,0.0928,125.056,0.421,4,43,2019-03-13,244300,BLACKPINK
53,"BLACKPINK ARENA TOUR 2018 ""SPECIAL FINAL IN KYOCERA DOME OSAKA""",14,6b5xktkZLF96lv5HrFucu4,"PLAYING WITH FIRE - BLACKPINK ARENA TOUR 2018 ""SPECIAL FINAL IN KYOCERA DOME OSAKA""",spotify:track:6b5xktkZLF96lv5HrFucu4,0.0231,0.619,0.756,0.0,0.842,-6.859,0.122,96.97,0.593,4,42,2019-03-13,198533,BLACKPINK
54,"BLACKPINK ARENA TOUR 2018 ""SPECIAL FINAL IN KYOCERA DOME OSAKA""",15,4sB4UCnEu6UVC0dWtCqUAT,"AS IF IT’S YOUR LAST - BLACKPINK ARENA TOUR 2018 ""SPECIAL FINAL IN KYOCERA DOME OSAKA""",spotify:track:4sB4UCnEu6UVC0dWtCqUAT,0.0475,0.626,0.833,0.0,0.574,-6.327,0.0778,125.027,0.516,4,42,2019-03-13,222533,BLACKPINK
55,BLACKPINK IN YOUR AREA,1,5nIjOnMbC0QDMrYFLGx0yV,BOOMBAYAH,spotify:track:5nIjOnMbC0QDMrYFLGx0yV,0.023,0.748,0.873,2.76e-06,0.377,-2.179,0.0516,124.951,0.506,4,65,2018-12-05,240613,BLACKPINK
56,BLACKPINK IN YOUR AREA,2,3sgrwjWNJy753U30irIdEN,WHISTLE,spotify:track:3sgrwjWNJy753U30irIdEN,0.00237,0.825,0.721,0.0,0.0977,-5.444,0.0473,102.999,0.59,4,55,2018-12-05,211373,BLACKPINK
57,BLACKPINK IN YOUR AREA,3,29x3S9kmzTGHswtjSVeUPr,PLAYING WITH FIRE,spotify:track:29x3S9kmzTGHswtjSVeUPr,0.0243,0.664,0.779,0.0,0.178,-3.836,0.0681,97.032,0.655,4,54,2018-12-05,195986,BLACKPINK
58,BLACKPINK IN YOUR AREA,4,4AESxPBujvuBbCAfBuA2sq,STAY,spotify:track:4AESxPBujvuBbCAfBuA2sq,0.585,0.382,0.4,0.0,0.178,-7.38,0.0391,175.899,0.405,4,52,2018-12-05,230760,BLACKPINK
59,BLACKPINK IN YOUR AREA,5,5DVgfulxeJZJYc8FseyfUf,AS IF IT’S YOUR LAST,spotify:track:5DVgfulxeJZJYc8FseyfUf,0.123,0.767,0.868,0.0,0.0681,-2.252,0.0733,125.066,0.506,4,50,2018-12-05,212266,BLACKPINK
61,BLACKPINK IN YOUR AREA,7,02h4inVwwNX1cMuGCDtsgV,FOREVER YOUNG,spotify:track:02h4inVwwNX1cMuGCDtsgV,0.0816,0.635,0.969,0.0,0.0613,-1.088,0.0565,110.046,0.46,4,61,2018-12-05,237146,BLACKPINK
62,BLACKPINK IN YOUR AREA,8,6OKXcx7tClGAS0o2cOTl2v,REALLY,spotify:track:6OKXcx7tClGAS0o2cOTl2v,0.0284,0.715,0.874,0.0,0.28,-2.318,0.104,142.016,0.951,4,59,2018-12-05,197360,BLACKPINK
63,BLACKPINK IN YOUR AREA,9,7IS4NciwYPs1wMywOKx69z,SEE U LATER,spotify:track:7IS4NciwYPs1wMywOKx69z,0.0318,0.774,0.907,0.0,0.544,-3.729,0.114,107.004,0.641,4,60,2018-12-05,199933,BLACKPINK
64,How You Like That,1,3vAn0qZzdyuHamcrpkfiX3,How You Like That,spotify:track:3vAn0qZzdyuHamcrpkfiX3,0.0694,0.828,0.782,3.41e-05,0.0544,-4.014,0.0918,130.013,0.351,4,87,2020-06-26,181263,BLACKPINK
67,Sour Candy (with BLACKPINK),1,6R6ZoHTypt5lt68MWbzZXv,Sour Candy (with BLACKPINK),spotify:track:6R6ZoHTypt5lt68MWbzZXv,0.0604,0.752,0.87,1.12e-05,0.489,-3.812,0.0623,120.006,0.784,4,86,2020-05-28,157706,Lady Gaga
68,DDU-DU DDU-DU (Remix JP Ver.),1,2ERO7JFeaRMIdlEn9JTryn,DDU-DU DDU-DU - Remix JP Ver.,spotify:track:2ERO7JFeaRMIdlEn9JTryn,0.0223,0.661,0.876,0.000167,0.07,-7.122,0.0662,144.981,0.619,4,53,2019-10-16,201225,BLACKPINK
69,KILL THIS LOVE (JP Ver.),1,3mpGXkkjhY8K5C9OsaCMBo,KILL THIS LOVE - JP Ver.,spotify:track:3mpGXkkjhY8K5C9OsaCMBo,0.344,0.753,0.846,0.002,0.419,-4.77,0.261,131.924,0.542,4,67,2019-10-16,189493,BLACKPINK
70,KILL THIS LOVE (JP Ver.),2,38eKmp6QjELXKgLh0pePfG,DON'T KNOW WHAT TO DO - JP Ver.,spotify:track:38eKmp6QjELXKgLh0pePfG,0.0658,0.662,0.614,0.0,0.1,-4.105,0.0396,129.94,0.413,4,46,2019-10-16,200786,BLACKPINK
71,KILL THIS LOVE (JP Ver.),3,6HHbjSWWGh6j9JcmLZ41Py,KICK IT - JP Ver.,spotify:track:6HHbjSWWGh6j9JcmLZ41Py,0.0145,0.792,0.705,0.0,0.0462,-3.974,0.0492,124.889,0.493,4,44,2019-10-16,191226,BLACKPINK
72,KILL THIS LOVE (JP Ver.),4,04xEHIAK4MsI7ZSN1hSDQN,HOPE NOT - JP Ver.,spotify:track:04xEHIAK4MsI7ZSN1hSDQN,0.563,0.584,0.342,0.0,0.128,-5.702,0.0276,109.557,0.199,4,43,2019-10-16,191026,BLACKPINK
73,KILL THIS LOVE (JP Ver.),5,04LWm93tY9nwdlI9EO54HP,DDU-DU DDU-DU - Remix -JP Ver.-,spotify:track:04LWm93tY9nwdlI9EO54HP,0.0256,0.649,0.872,0.000275,0.0692,-7.138,0.0624,144.94,0.619,4,0,2019-10-16,201626,BLACKPINK
74,KILL THIS LOVE,1,18PergoIrGmRyeYxnaXJN2,Kill This Love,spotify:track:18PergoIrGmRyeYxnaXJN2,0.32,0.738,0.861,0.00175,0.325,-4.141,0.237,131.974,0.58,4,79,2019-04-05,189052,BLACKPINK
75,KILL THIS LOVE,2,0zYqFyhiTj419q56lNsjk0,Don't Know What To Do,spotify:track:0zYqFyhiTj419q56lNsjk0,0.0992,0.628,0.64,0.0,0.138,-4.164,0.049,129.815,0.409,4,70,2019-04-05,201081,BLACKPINK
76,KILL THIS LOVE,3,6Ks1e4WEUeOGgnTGZ4IMXo,Kick It,spotify:track:6Ks1e4WEUeOGgnTGZ4IMXo,0.0153,0.764,0.787,0.0,0.0736,-3.647,0.0445,124.949,0.381,4,65,2019-04-05,191225,BLACKPINK
78,KILL THIS LOVE,5,4HGLNErVXyaDEjHvk3cL5B,DDU-DU DDU-DU - Remix,spotify:track:4HGLNErVXyaDEjHvk3cL5B,0.0336,0.68,0.906,7.75e-05,0.077,-6.195,0.0734,145.041,0.68,4,61,2019-04-05,201225,BLACKPINK
87,KILL THIS LOVE,4,6euC2yxyQA6uztolUYnhiW,Hope Not,spotify:track:6euC2yxyQA6uztolUYnhiW,0.444,0.561,0.422,0.0,0.0867,-4.998,0.0267,110.037,0.182,4,62,2019-04-05,191030,BLACKPINK
88,KILL THIS LOVE,5,0NdEvupVBxG5zyVLGtpJpg,DDU-DU DDU-DU (Remix),spotify:track:0NdEvupVBxG5zyVLGtpJpg,0.0336,0.68,0.906,7.75e-05,0.077,-6.195,0.0734,145.041,0.68,4,58,2019-04-05,201225,BLACKPINK
94,Kiss And Make Up,1,7v57jXggtZOJEjEcgfhxte,Kiss And Make Up,spotify:track:7v57jXggtZOJEjEcgfhxte,0.0658,0.678,0.729,0.0,0.303,-4.188,0.137,99.895,0.643,4,30,2018-10-24,189173,Dua Lipa
96,SQUARE UP,1,2aI2k39nfa3KFsa4JclQzw,DDU-DU DDU-DU,spotify:track:2aI2k39nfa3KFsa4JclQzw,0.0323,0.671,0.859,0.0,0.267,-3.922,0.0833,139.931,0.389,4,76,2018-06-15,209355,BLACKPINK
97,SQUARE UP,2,56bHclo7YNvpujMveLElQn,Forever Young,spotify:track:56bHclo7YNvpujMveLElQn,0.0426,0.6,0.96,0.0,0.0882,-1.807,0.095,109.863,0.503,4,69,2018-06-15,237076,BLACKPINK
98,SQUARE UP,3,5qA5DAR5xTjQUGrl0eBbmR,Really,spotify:track:5qA5DAR5xTjQUGrl0eBbmR,0.0234,0.695,0.881,0.0,0.277,-2.082,0.104,142.018,0.947,4,64,2018-06-15,197789,BLACKPINK
99,SQUARE UP,4,1ZPMLCzCwIvLbMFWvYiw4H,See U Later,spotify:track:1ZPMLCzCwIvLbMFWvYiw4H,0.0376,0.741,0.926,0.0,0.582,-3.968,0.112,106.99,0.571,4,64,2018-06-15,198866,BLACKPINK
104,SQUARE UP,1,2CWnuF7ht55Ajyeg4WPvWu,DDU-DU DDU-DU - KR Ver.,spotify:track:2CWnuF7ht55Ajyeg4WPvWu,0.0322,0.665,0.86,0.0,0.281,-3.921,0.0761,139.973,0.372,4,56,2018-06-15,209355,BLACKPINK
105,SQUARE UP,2,57Enap29zKl7NGRdDJjkjA,FOREVER YOUNG - KR Ver.,spotify:track:57Enap29zKl7NGRdDJjkjA,0.0419,0.615,0.96,0.0,0.0925,-1.807,0.09,110.058,0.504,4,52,2018-06-15,237076,BLACKPINK
106,SQUARE UP,3,7AWtaOSb7cgi16wJr3mkuf,REALLY - KR Ver.,spotify:track:7AWtaOSb7cgi16wJr3mkuf,0.0234,0.695,0.882,0.0,0.315,-2.08,0.104,142.025,0.947,4,47,2018-06-15,197789,BLACKPINK
107,SQUARE UP,4,514mQDPkXmPzsYwGNmkBJZ,SEE U LATER - KR Ver.,spotify:track:514mQDPkXmPzsYwGNmkBJZ,0.0399,0.744,0.927,0.0,0.579,-3.973,0.107,106.981,0.559,4,46,2018-06-15,198866,BLACKPINK
108,Re: BLACKPINK,1,7fnzywGBFweUlh4aeydMyE,BOOMBAYAH - Japanese Version,spotify:track:7fnzywGBFweUlh4aeydMyE,0.0265,0.75,0.868,2.58e-06,0.226,-2.236,0.0541,124.96,0.492,4,37,2018-03-28,241640,BLACKPINK
109,Re: BLACKPINK,2,2O4vh2CJ5yMWy9qCko3I8u,WHITSLE - Japanese Version,spotify:track:2O4vh2CJ5yMWy9qCko3I8u,0.00273,0.821,0.714,0.0,0.0846,-5.452,0.0492,103.048,0.567,4,20,2018-03-28,212600,BLACKPINK
115,BLACKPINK,2,6kZE8ZhOUM2rGmeG9qk7Y9,WHISTLE - Japanese Version,spotify:track:6kZE8ZhOUM2rGmeG9qk7Y9,0.00277,0.821,0.716,0.0,0.0845,-5.451,0.0494,102.998,0.572,4,58,2017-08-29,212600,BLACKPINK
116,BLACKPINK,3,2IbQ5hQVrzg4e6bNruEqOs,PLAYING WITH FIRE - Japanese Version,spotify:track:2IbQ5hQVrzg4e6bNruEqOs,0.0209,0.674,0.783,0.0,0.21,-3.878,0.0662,97.062,0.646,4,58,2017-08-29,197666,BLACKPINK
117,BLACKPINK,4,6Fcoih4yHMyXLzDcTeVUgn,STAY - Japanese Version,spotify:track:6Fcoih4yHMyXLzDcTeVUgn,0.592,0.591,0.402,0.0,0.159,-7.367,0.0303,88.095,0.407,4,57,2017-08-29,231293,BLACKPINK
118,BLACKPINK,5,5m8wiO2ySMpCtYSwHatWQr,AS IF IT'S YOUR LAST - Japanese Version,spotify:track:5m8wiO2ySMpCtYSwHatWQr,0.131,0.769,0.861,0.0,0.0616,-2.23,0.0746,125.04,0.493,4,59,2017-08-29,212773,BLACKPINK
119,BLACKPINK,6,2jjh53eV2QVGIRjGTawheD,WHISTLE - Acoustic Ver.,spotify:track:2jjh53eV2QVGIRjGTawheD,0.783,0.559,0.45,0.0,0.0948,-6.093,0.0985,206.279,0.616,4,45,2017-08-29,213693,BLACKPINK
121,SQUARE ONE,1,67BbMuItfrHmaNqDxBPF7c,WHISTLE - KR Ver.,spotify:track:67BbMuItfrHmaNqDxBPF7c,0.00579,0.827,0.722,0.0,0.0935,-4.804,0.0945,102.972,0.589,4,51,2017-07-20,212600,BLACKPINK
123,SQUARE TWO,1,5OepnJhqZoyJN8qWo2LZzy,PLAYING WITH FIRE - KR Ver.,spotify:track:5OepnJhqZoyJN8qWo2LZzy,0.044,0.704,0.758,0.0,0.186,-4.393,0.108,97.052,0.663,4,52,2017-07-20,197666,BLACKPINK
124,SQUARE TWO,2,2tnBkiyJWLnQGsjyz4BuJJ,STAY - KR Ver.,spotify:track:2tnBkiyJWLnQGsjyz4BuJJ,0.542,0.629,0.421,3.56e-06,0.117,-6.746,0.0364,87.939,0.353,4,48,2017-07-20,231306,BLACKPINK
125,SQUARE TWO,3,0RzVkLtXOwfETIi4Z3ik1K,WHISTLE - (Acoustic Ver.) KR Ver.,spotify:track:0RzVkLtXOwfETIi4Z3ik1K,0.81,0.837,0.462,0.0,0.0927,-5.952,0.0398,103.035,0.665,4,43,2017-07-20,213066,BLACKPINK
127,SQUARE TWO,5,1qAPA8TooLVEqAZ58fhcrt,BOOMBAYAH - KR Ver.,spotify:track:1qAPA8TooLVEqAZ58fhcrt,0.00264,0.657,0.85,0.0,0.412,-3.157,0.0694,124.882,0.375,4,55,2017-07-20,241466,BLACKPINK
128,It'z Me,1,6tCssnvTUREcperDOUTqvA,WANNABE,spotify:track:6tCssnvTUREcperDOUTqvA,0.00795,0.809,0.911,0.000179,0.181,-4.41,0.0617,122.035,0.64,4,80,2020-03-09,191242,ITZY
129,It'z Me,2,7ADlvg3uIjCvItqeJPgDbu,TING TING TING (with Oliver Heldens),spotify:track:7ADlvg3uIjCvItqeJPgDbu,0.0253,0.858,0.808,0.000195,0.336,-5.115,0.114,123.962,0.843,4,59,2020-03-09,219143,ITZY
130,It'z Me,3,67lCDm8Z4KcFQPIRrqaaQr,THAT’S A NO NO,spotify:track:67lCDm8Z4KcFQPIRrqaaQr,0.0152,0.779,0.924,1.82e-05,0.183,-4.915,0.0788,120.045,0.776,4,58,2020-03-09,180180,ITZY
131,It'z Me,4,7JSaztudhBzfGiudI1QMJl,NOBODY LIKE YOU,spotify:track:7JSaztudhBzfGiudI1QMJl,0.0359,0.693,0.868,0.0,0.193,-5.322,0.065,90.024,0.716,4,57,2020-03-09,197124,ITZY
132,It'z Me,5,5Hvr3JCRoAIKXDnXyg02OU,YOU MAKE ME,spotify:track:5Hvr3JCRoAIKXDnXyg02OU,0.0269,0.705,0.723,0.000217,0.0632,-5.306,0.0852,170.049,0.605,4,53,2020-03-09,183163,ITZY
133,It'z Me,6,427ztPo5YDc2TgebnaFtgW,I DON’T WANNA DANCE,spotify:track:427ztPo5YDc2TgebnaFtgW,0.0235,0.799,0.885,0.0196,0.365,-5.537,0.0761,124.025,0.804,4,53,2020-03-09,189812,ITZY
134,It'z Me,7,14TxLhdCi8gfO49n7RT2W6,24HRS,spotify:track:14TxLhdCi8gfO49n7RT2W6,0.0507,0.932,0.614,0.0,0.386,-5.966,0.208,99.994,0.798,4,54,2020-03-09,127405,ITZY
136,IT'z ME,2,3hfDZLiG750YzHooub4WHb,TING TING TING with Oliver Heldens,spotify:track:3hfDZLiG750YzHooub4WHb,0.0253,0.858,0.808,0.000195,0.336,-5.115,0.114,123.962,0.843,4,43,2020-03-09,219143,ITZY
144,IT'z ICY,3,6XFiqJEMZJD0QC2n3EiedO,IT’z SUMMER,spotify:track:6XFiqJEMZJD0QC2n3EiedO,0.024,0.815,0.868,0.000125,0.127,-4.203,0.0433,126.021,0.648,4,42,2019-07-29,197898,ITZY
145,IT'z ICY,4,6HUavaQrdF6ybf8MkrC0IR,달라달라 - DallasK Remix,spotify:track:6HUavaQrdF6ybf8MkrC0IR,0.00788,0.722,0.942,0.00138,0.344,-2.999,0.046,124.979,0.712,4,41,2019-07-29,190547,ITZY
147,IT'z ICY,1,7zFBtYAVURF3bUVqEQ6UUu,ICY,spotify:track:7zFBtYAVURF3bUVqEQ6UUu,0.0324,0.801,0.904,3.1e-05,0.182,-2.819,0.0834,124.979,0.814,4,71,2019-07-29,191142,ITZY
148,IT'z ICY,2,3Ef2Sr4U0oehtcozO23yUN,CHERRY,spotify:track:3Ef2Sr4U0oehtcozO23yUN,0.0111,0.829,0.559,2.24e-06,0.0561,-5.757,0.0666,94.991,0.532,4,59,2019-07-29,190372,ITZY
149,IT'z ICY,3,7p2qGo8x2bW9B0W789i1pt,IT'z SUMMER,spotify:track:7p2qGo8x2bW9B0W789i1pt,0.024,0.815,0.868,0.000125,0.127,-4.203,0.0433,126.021,0.648,4,54,2019-07-29,197898,ITZY
150,IT'z ICY,4,2jqfCjRRmqaTBgiJpwCAV3,DALLA DALLA - DallasK Remix,spotify:track:2jqfCjRRmqaTBgiJpwCAV3,0.00788,0.722,0.942,0.00138,0.344,-2.999,0.046,124.979,0.712,4,51,2019-07-29,190547,ITZY
151,IT'z ICY,5,56g54pCBLSGyjhAviQ6WWY,WANT IT? - Imad Royal Remix,spotify:track:56g54pCBLSGyjhAviQ6WWY,0.0135,0.697,0.856,0.000168,0.198,-3.517,0.0392,127.987,0.292,4,47,2019-07-29,207870,ITZY
152,IT'z Different,1,6G7DuXoSGeAf6BZivJdEjF,달라달라 DALLA DALLA,spotify:track:6G7DuXoSGeAf6BZivJdEjF,0.00116,0.79,0.853,4.23e-05,0.329,-4.564,0.0665,124.998,0.713,4,59,2019-02-13,199873,ITZY
154,IT'z Different,1,0GU5GuJQQEnnREO2FxnVPT,달라달라 (DALLA DALLA),spotify:track:0GU5GuJQQEnnREO2FxnVPT,0.00116,0.79,0.853,4.23e-05,0.329,-4.564,0.0665,124.998,0.713,4,73,2019-02-12,199873,ITZY
155,IT'z Different,2,2DvBbpZ9MjOQZs2HtN5Ake,WANT IT?,spotify:track:2DvBbpZ9MjOQZs2HtN5Ake,0.0428,0.745,0.951,0.00386,0.203,-2.425,0.0527,127.957,0.606,4,56,2019-02-12,200303,ITZY
156,Oneiric Diary,1,45bGVGcHNCiO99zi0Ts28B,Welcome,spotify:track:45bGVGcHNCiO99zi0Ts28B,0.353,0.655,0.44,1.62e-06,0.373,-4.654,0.0316,121.962,0.595,3,60,2020-06-15,85146,IZ*ONE
157,Oneiric Diary,2,3FARQP8fA49bSsTWjNyWmY,Secret Story of the Swan,spotify:track:3FARQP8fA49bSsTWjNyWmY,0.131,0.703,0.941,0.0,0.319,-0.995,0.0808,102.969,0.758,4,75,2020-06-15,192333,IZ*ONE
158,Oneiric Diary,3,6PO6h2KRY23z4KCh1ylTAO,Pretty,spotify:track:6PO6h2KRY23z4KCh1ylTAO,0.0466,0.739,0.954,0.0,0.268,-1.049,0.0561,123.948,0.849,4,61,2020-06-15,199933,IZ*ONE
159,Oneiric Diary,4,6yWQi5Nq9ipDBLBi4kwRl0,Merry-Go-Round,spotify:track:6yWQi5Nq9ipDBLBi4kwRl0,0.0245,0.698,0.971,0.0,0.358,-1.087,0.113,122.028,0.719,4,61,2020-06-15,180826,IZ*ONE
160,Oneiric Diary,5,6SJNYr4HPQK678UZZI4yQP,Rococo,spotify:track:6SJNYr4HPQK678UZZI4yQP,0.126,0.81,0.931,0.0,0.376,-1.27,0.154,117.975,0.611,4,59,2020-06-15,193120,IZ*ONE
161,Oneiric Diary,6,6jKwsCrTpnQ91HnbeEg9ID,With*One,spotify:track:6jKwsCrTpnQ91HnbeEg9ID,0.295,0.538,0.84,0.0,0.12,-2.091,0.072,171.837,0.406,4,59,2020-06-15,219013,IZ*ONE
162,Oneiric Diary,7,0xUkWzSW0ps5MjGMs2uPgz,Secret Story of the Swan - Japanese Version,spotify:track:0xUkWzSW0ps5MjGMs2uPgz,0.108,0.69,0.934,3.33e-06,0.348,-0.975,0.0775,102.985,0.711,4,56,2020-06-15,192320,IZ*ONE
163,Oneiric Diary,8,2aqYpHp1UCAWcUQNaVRMi3,Merry-Go-Round - Japanese Version,spotify:track:2aqYpHp1UCAWcUQNaVRMi3,0.0292,0.706,0.972,0.0,0.398,-1.142,0.116,121.939,0.662,4,55,2020-06-15,180813,IZ*ONE
164,BLOOM*IZ,1,3elpxMYpyQHhRnJt5hFEAw,EYES,spotify:track:3elpxMYpyQHhRnJt5hFEAw,0.0858,0.552,0.89,0.0,0.0967,-2.989,0.0633,163.939,0.367,4,51,2020-02-17,217960,IZ*ONE
165,BLOOM*IZ,2,71vPAjlG1x606483GTJNhY,FIESTA,spotify:track:71vPAjlG1x606483GTJNhY,0.062,0.758,0.927,0.0,0.343,-2.105,0.0537,122.999,0.738,4,71,2020-02-17,217760,IZ*ONE
166,BLOOM*IZ,3,3Hpzmd4GsW2vqxNplwUL1r,DREAMLIKE,spotify:track:3Hpzmd4GsW2vqxNplwUL1r,0.0258,0.688,0.787,0.0,0.179,-3.894,0.0317,100.005,0.553,4,53,2020-02-17,226786,IZ*ONE
167,BLOOM*IZ,4,4Cuh5uqjIgUw4GRxqABUxh,AYAYAYA,spotify:track:4Cuh5uqjIgUw4GRxqABUxh,0.167,0.639,0.883,0.0,0.287,-2.348,0.119,110.113,0.773,4,60,2020-02-17,202400,IZ*ONE
168,BLOOM*IZ,5,5Dtl6eFApX6pLHZ19LuhHj,SO CURIOUS,spotify:track:5Dtl6eFApX6pLHZ19LuhHj,0.227,0.758,0.912,0.0,0.515,-2.966,0.0501,118.019,0.772,4,52,2020-02-17,202586,IZ*ONE
169,BLOOM*IZ,6,6mjHRq4u7xiXgCyBNVJsY3,SPACESHIP,spotify:track:6mjHRq4u7xiXgCyBNVJsY3,0.123,0.662,0.9,0.0,0.3,-2.037,0.192,162.016,0.857,4,56,2020-02-17,171386,IZ*ONE
170,BLOOM*IZ,7,2ZelaRgy9eWXdzwEVtccpI,DESTINY,spotify:track:2ZelaRgy9eWXdzwEVtccpI,0.133,0.409,0.876,0.0,0.149,-2.406,0.046,155.09,0.456,4,48,2020-02-17,201533,IZ*ONE
171,BLOOM*IZ,8,7w6fngsvPAtcQEIoWjDizj,YOU & I,spotify:track:7w6fngsvPAtcQEIoWjDizj,0.631,0.502,0.494,0.0,0.0699,-5.623,0.0296,90.865,0.257,4,48,2020-02-17,204560,IZ*ONE
172,BLOOM*IZ,9,4qj6sQ5Y3tY4MIEEzqGLhT,DAYDREAM,spotify:track:4qj6sQ5Y3tY4MIEEzqGLhT,0.231,0.727,0.878,0.0,0.062,-3.001,0.0447,112.026,0.914,4,48,2020-02-17,203666,IZ*ONE
173,BLOOM*IZ,10,2d1aFHa8mWwqsxx15G3lUd,PINK BLUSHER,spotify:track:2d1aFHa8mWwqsxx15G3lUd,0.134,0.591,0.871,1.81e-06,0.0732,-2.963,0.093,173.958,0.587,4,47,2020-02-17,194000,IZ*ONE
174,BLOOM*IZ,11,37eYruVOoxoxp9p4neptCp,SOMEDAY,spotify:track:37eYruVOoxoxp9p4neptCp,0.751,0.425,0.487,0.0,0.109,-5.03,0.0417,74.333,0.304,4,52,2020-02-17,197173,IZ*ONE
175,BLOOM*IZ,12,3OI0odpXG2qYgndvHZa9kW,OPEN YOUR EYES,spotify:track:3OI0odpXG2qYgndvHZa9kW,0.319,0.699,0.945,0.0,0.081,-1.795,0.0804,130.01,0.937,4,49,2020-02-17,197972,IZ*ONE
176,HEART*IZ,1,4D9tFEkG8uxpkpnTV2In8p,Hey. Bae. Like it.,spotify:track:4D9tFEkG8uxpkpnTV2In8p,0.195,0.752,0.907,0.0,0.0595,-2.966,0.0545,109.962,0.749,4,49,2019-04-01,212675,IZ*ONE
177,HEART*IZ,2,0ahbzg4GCq3wJzUM3cjS3N,Violeta,spotify:track:0ahbzg4GCq3wJzUM3cjS3N,0.00373,0.715,0.88,0.0,0.104,-2.94,0.0685,115.012,0.669,4,66,2019-04-01,200913,IZ*ONE
178,HEART*IZ,3,0288jQaJZLqK5hvPokmNBX,Highlight,spotify:track:0288jQaJZLqK5hvPokmNBX,0.0135,0.646,0.867,0.0,0.108,-4.921,0.0932,123.727,0.416,4,55,2019-04-01,208868,IZ*ONE
179,HEART*IZ,4,3URg7w8UOCAM15IqNmMcfb,Really Like You,spotify:track:3URg7w8UOCAM15IqNmMcfb,0.686,0.471,0.519,0.0,0.0862,-4.091,0.0313,95.766,0.108,4,49,2019-04-01,190507,IZ*ONE
181,HEART*IZ,6,0yKtEkiVN8rPDWbtn6HvDd,Up,spotify:track:0yKtEkiVN8rPDWbtn6HvDd,0.0387,0.694,0.921,0.0,0.0846,-2.04,0.032,122.028,0.776,4,53,2019-04-01,192852,IZ*ONE
182,HEART*IZ,7,06XbkcpMT2wM8edgbwQL4X,NEKONI NARITAI - Korean ver.,spotify:track:06XbkcpMT2wM8edgbwQL4X,0.316,0.481,0.889,0.0,0.397,-3.599,0.0541,195.919,0.723,4,41,2019-04-01,256745,IZ*ONE
183,HEART*IZ,8,5nmpMkZq1J06Uq8Dcl0lT5,GOKIGEN SAYONARA - Korean ver.,spotify:track:5nmpMkZq1J06Uq8Dcl0lT5,0.0054,0.643,0.962,0.000201,0.374,-3.553,0.0365,128.0,0.683,4,43,2019-04-01,260959,IZ*ONE
184,COLOR*IZ,1,6Xw8CSd3R6xqCmHHB9pBhb,Colors,spotify:track:6Xw8CSd3R6xqCmHHB9pBhb,0.0551,0.71,0.899,0.0,0.203,-2.785,0.0335,108.006,0.818,4,51,2018-10-29,218285,IZ*ONE
185,COLOR*IZ,2,0nlG0Y0QowCD7EF5GScNiv,O' My!,spotify:track:0nlG0Y0QowCD7EF5GScNiv,0.0359,0.559,0.844,0.0,0.625,-2.817,0.234,201.845,0.77,4,50,2018-10-29,203303,IZ*ONE
186,COLOR*IZ,3,1fRaznZsAB2i63TtmYv2Hc,La Vie en Rose,spotify:track:1fRaznZsAB2i63TtmYv2Hc,0.0899,0.698,0.908,0.0,0.115,-1.211,0.0548,115.975,0.606,4,68,2018-10-29,218993,IZ*ONE
187,COLOR*IZ,4,2FQ42rxlSqvR7Q2vGSPcaY,Memory,spotify:track:2FQ42rxlSqvR7Q2vGSPcaY,0.145,0.419,0.614,0.0,0.105,-5.557,0.0358,72.989,0.249,4,47,2018-10-29,202917,IZ*ONE
188,COLOR*IZ,5,3BojwEFl96Bfv6X05J2Dam,We Together - IZ*ONE Ver.,spotify:track:3BojwEFl96Bfv6X05J2Dam,0.188,0.674,0.9,0.0,0.592,-3.114,0.215,115.116,0.651,4,48,2018-10-29,226225,IZ*ONE
189,COLOR*IZ,6,1ptM5l7tbT3QCbvYjtBEpV,Suki ni Nacchaudarou? - IZ*ONE Ver.,spotify:track:1ptM5l7tbT3QCbvYjtBEpV,0.113,0.684,0.893,0.0,0.316,-3.266,0.0576,130.963,0.81,4,47,2018-10-29,248695,IZ*ONE
190,COLOR*IZ,7,5dNrOpWBngVPOL2GXumknK,Yume wo Miteiru Aida - IZ*ONE Ver.,spotify:track:5dNrOpWBngVPOL2GXumknK,0.676,0.543,0.697,0.0,0.111,-3.346,0.031,90.047,0.323,4,45,2018-10-29,208501,IZ*ONE
192,Vampire (Special Edition),2,1p5wG17lnbph3qzUouagiT,君以外,spotify:track:1p5wG17lnbph3qzUouagiT,0.401,0.695,0.927,0.0,0.219,-2.902,0.0847,114.009,0.654,4,38,2019-09-25,212880,IZ*ONE
193,Vampire (Special Edition),3,7ya8LdOq8FQ9EG0G2unUjz,Love Bubble,spotify:track:7ya8LdOq8FQ9EG0G2unUjz,0.03,0.641,0.829,0.0,0.291,-4.979,0.0329,129.971,0.784,4,42,2019-09-25,197786,IZ*ONE
194,Vampire (Special Edition),4,6Sk8Zqv4ryzS1TvbZCt7Af,紫外線なんかぶっとばせ,spotify:track:6Sk8Zqv4ryzS1TvbZCt7Af,0.351,0.65,0.676,0.0,0.423,-2.641,0.0318,135.014,0.331,4,37,2019-09-25,253986,IZ*ONE
195,Vampire (Special Edition),5,1lvUvSZSCH7xrpvHVmRW6o,不機嫌Lucy,spotify:track:1lvUvSZSCH7xrpvHVmRW6o,0.299,0.625,0.895,0.0,0.388,-3.097,0.0654,160.028,0.844,4,37,2019-09-25,213946,IZ*ONE
196,Vampire,1,5ixWzfH7Z3o5TM10WJPYCK,Vampire,spotify:track:5ixWzfH7Z3o5TM10WJPYCK,0.223,0.593,0.875,0.0,0.329,-2.862,0.0504,143.968,0.879,4,48,2019-09-13,228133,IZ*ONE
198,Buenos Aires (Special Edition),2,6xEkqk0OZxNYKGWZL7APsq,Tomorrow,spotify:track:6xEkqk0OZxNYKGWZL7APsq,0.0849,0.695,0.762,0.0,0.0712,-3.54,0.0652,127.888,0.884,4,37,2019-06-21,185040,IZ*ONE
199,Buenos Aires (Special Edition),3,2tgO4aVaZGzyBMlYHWddVE,Target,spotify:track:2tgO4aVaZGzyBMlYHWddVE,0.36,0.865,0.739,0.0,0.0569,-3.234,0.0738,110.036,0.894,4,38,2019-06-21,221386,IZ*ONE
200,Buenos Aires (Special Edition),4,724PtzC8pladEbKWdGjHsJ,年下Boyfriend,spotify:track:724PtzC8pladEbKWdGjHsJ,0.0646,0.649,0.943,0.0,0.168,-1.821,0.0611,129.935,0.72,4,40,2019-06-21,233066,IZ*ONE
201,Buenos Aires (Special Edition),5,2RTeLuMBVCM9M5iaQEhpY3,Human Love,spotify:track:2RTeLuMBVCM9M5iaQEhpY3,0.111,0.559,0.757,0.0,0.125,-3.604,0.0287,99.973,0.546,4,39,2019-06-21,237360,IZ*ONE
202,Buenos Aires,1,59OVM3kQEOwKpTXgrQox1N,Buenos Aires,spotify:track:59OVM3kQEOwKpTXgrQox1N,0.381,0.697,0.833,0.0,0.349,-3.03,0.0314,104.998,0.936,4,47,2019-06-14,261786,IZ*ONE
208,好きと言わせたい (Type A),1,7nimCdASI4W4j5C4zqvKO5,好きと言わせたい,spotify:track:7nimCdASI4W4j5C4zqvKO5,0.122,0.532,0.938,0.0,0.245,-1.409,0.0568,132.023,0.716,4,44,2019-02-05,239333,IZ*ONE
209,好きと言わせたい (Type A),2,4X8NmDtEM73LYaKOrlWMbO,ケンチャナヨ,spotify:track:4X8NmDtEM73LYaKOrlWMbO,0.436,0.553,0.867,0.0,0.123,-0.898,0.0469,165.099,0.699,4,34,2019-02-05,256640,IZ*ONE
210,好きと言わせたい (Type A),3,23yxomsxPWo6IPDcFLSvn8,ご機嫌サヨナラ,spotify:track:23yxomsxPWo6IPDcFLSvn8,0.0352,0.63,0.941,0.0,0.364,-2.573,0.0615,127.937,0.715,4,41,2019-02-05,263773,IZ*ONE
213,好きと言わせたい (Type B),3,0mzPIqyMzN5L7L3PBgVxJD,猫になりたい,spotify:track:0mzPIqyMzN5L7L3PBgVxJD,0.541,0.548,0.816,0.0,0.469,-3.706,0.0919,195.9,0.751,4,37,2019-02-05,257906,IZ*ONE
216,好きと言わせたい (WIZ*ONE盤),3,1POSVgw2MIaSKJgeAhvD8f,ダンスを思い出すまで,spotify:track:1POSVgw2MIaSKJgeAhvD8f,0.262,0.705,0.899,0.0,0.32,-2.33,0.0737,137.927,0.741,4,34,2019-02-05,273640,IZ*ONE
217,[#],1,3Q4eFdGe02tM0whH8AH4F0,#,spotify:track:3Q4eFdGe02tM0whH8AH4F0,0.0345,0.722,0.652,0.766,0.08,-6.699,0.0354,125.015,0.337,4,49,2020-02-05,66200,LOONA
218,[#],2,7w3pIUjz7BTTqj9uAws40m,So What,spotify:track:7w3pIUjz7BTTqj9uAws40m,0.0801,0.608,0.947,9.38e-06,0.231,-2.437,0.244,125.082,0.511,4,67,2020-02-05,198040,LOONA
219,[#],3,2GGzUBEJE1dN2PHrf7neS7,Number 1,spotify:track:2GGzUBEJE1dN2PHrf7neS7,0.0844,0.689,0.945,0.0,0.412,-3.346,0.0454,103.982,0.774,4,51,2020-02-05,202946,LOONA
220,[#],4,0WdCXlXSSfpIldlzZ4BrHi,Oh (Yes I Am),spotify:track:0WdCXlXSSfpIldlzZ4BrHi,0.143,0.789,0.814,3.92e-06,0.229,-3.487,0.0635,119.974,0.84,4,54,2020-02-05,195786,LOONA
221,[#],5,4bPY0n3hMVd6q39B2ePkZe,Ding Ding Dong,spotify:track:4bPY0n3hMVd6q39B2ePkZe,0.153,0.748,0.95,1.27e-05,0.313,-2.687,0.0812,111.966,0.814,4,50,2020-02-05,178773,LOONA
223,365,1,1FJPXCXDD9yt9naw8R5bfs,365,spotify:track:1FJPXCXDD9yt9naw8R5bfs,0.643,0.372,0.412,0.0,0.137,-5.525,0.0408,75.201,0.192,4,50,2019-12-13,221920,LOONA
224,[X X],1,4TgYBLdExSoISFOfWLmBOh,X X,spotify:track:4TgYBLdExSoISFOfWLmBOh,0.0851,0.655,0.666,0.891,0.0834,-5.056,0.0731,87.63,0.447,4,44,2019-02-19,48658,LOONA
225,[X X],2,5jhYykolbcG1T9wZSyvhp5,Butterfly,spotify:track:5jhYykolbcG1T9wZSyvhp5,0.0427,0.582,0.866,0.00014,0.126,-4.139,0.0414,107.021,0.351,4,63,2019-02-19,237756,LOONA
226,[X X],3,644aVns0mIqtLY9Wqzm7zD,Satellite,spotify:track:644aVns0mIqtLY9Wqzm7zD,0.328,0.793,0.859,0.0,0.606,-2.43,0.0577,119.985,0.648,4,52,2019-02-19,189557,LOONA
227,[X X],4,6Kke9MonigeJKLSmlmRnWD,Curiosity,spotify:track:6Kke9MonigeJKLSmlmRnWD,0.0234,0.664,0.88,0.0,0.354,-4.895,0.0753,104.964,0.336,4,48,2019-02-19,189002,LOONA
229,[X X],6,6OcDMIYoDm0DvybUM1jBWF,Where you at,spotify:track:6OcDMIYoDm0DvybUM1jBWF,0.461,0.609,0.792,0.0,0.0855,-3.912,0.0703,100.046,0.632,4,48,2019-02-19,207437,LOONA
230,[+ +],1,0ywnB1ANtBR7RTT1uBpBZO,+ +,spotify:track:0ywnB1ANtBR7RTT1uBpBZO,0.561,0.779,0.463,0.00317,0.107,-10.076,0.041,110.177,0.816,4,41,2018-08-20,58392,LOONA
231,[+ +],2,0RqzUS7AkBhQDrBxcGFeDv,Hi High,spotify:track:0RqzUS7AkBhQDrBxcGFeDv,0.0363,0.67,0.916,5.35e-06,0.221,-2.261,0.0731,97.004,0.532,4,60,2018-08-20,196863,LOONA
233,[+ +],4,72NewffMWAO9kH55vT6dXj,열기,spotify:track:72NewffMWAO9kH55vT6dXj,0.28,0.67,0.813,0.0,0.102,-4.528,0.0609,94.944,0.662,4,51,2018-08-20,210125,LOONA
234,[+ +],5,1ILLB5uvWk1lQJOY7q645K,Perfect Love,spotify:track:1ILLB5uvWk1lQJOY7q645K,0.00483,0.732,0.929,0.0,0.268,-2.883,0.0578,132.99,0.862,4,48,2018-08-20,222276,LOONA
235,[+ +],6,0vA82YPx1q4JRWFISf1vIZ,Stylish,spotify:track:0vA82YPx1q4JRWFISf1vIZ,0.241,0.554,0.694,0.0,0.085,-3.673,0.0386,160.151,0.814,4,52,2018-08-20,209111,LOONA
236,favOriTe,1,2hynpFtQsg5wqVevY8z6G7,favOriTe,spotify:track:2hynpFtQsg5wqVevY8z6G7,0.00825,0.582,0.941,0.0,0.404,-1.494,0.0682,99.04,0.56,4,51,2018-08-07,194253,LOONA
237,Olivia Hye,1,5UUeEljsNQroCUNId8DIV6,Egoist (Olivia Hye) (Feat. JinSoul),spotify:track:5UUeEljsNQroCUNId8DIV6,0.0208,0.532,0.859,0.0,0.339,-3.562,0.0479,92.007,0.391,4,55,2018-03-30,247381,LOONA
238,Olivia Hye,2,6cfacimNXWogsp6DtJflyL,"Rosy (Go Won, Olivia Hye) (Feat. HeeJin)",spotify:track:6cfacimNXWogsp6DtJflyL,0.247,0.829,0.7,0.0,0.0795,-5.162,0.0567,121.967,0.797,4,47,2018-03-30,194995,LOONA
239,Go Won,1,1DzpZ8HBR0MgGkZDhAdd7f,One & Only (Go Won),spotify:track:1DzpZ8HBR0MgGkZDhAdd7f,0.0954,0.758,0.908,0.0,0.325,-3.85,0.0574,109.999,0.727,4,49,2018-01-30,175828,LOONA
240,Go Won,2,1tLmp8dEhaHvU0jm2aG6sS,"See Saw (Chuu, Go Won) (Feat. Kim Lip)",spotify:track:1tLmp8dEhaHvU0jm2aG6sS,0.395,0.781,0.71,1.64e-06,0.0815,-3.842,0.0287,101.974,0.702,4,47,2018-01-30,201221,LOONA
241,Chuu,1,6SSC9KZQaxBdyipKRigrFC,Heart Attack (츄),spotify:track:6SSC9KZQaxBdyipKRigrFC,0.0534,0.66,0.856,0.0,0.587,-3.461,0.0576,99.011,0.745,4,59,2017-12-28,194941,LOONA
242,Chuu,2,1j3zXAq0W9cLIpiAXwcYXF,"Girl's Talk (이브, 츄)",spotify:track:1j3zXAq0W9cLIpiAXwcYXF,0.0567,0.736,0.81,5.28e-05,0.0974,-5.073,0.093,114.987,0.833,4,46,2017-12-28,197468,LOONA
243,"The Carol 2.0 (ViVi, Choerry, Yves)",1,5gkbQEgYlXajuf8CcYpojE,"The Carol 2.0 (ViVi, Choerry, Yves)",spotify:track:5gkbQEgYlXajuf8CcYpojE,0.195,0.516,0.785,0.0,0.0602,-3.406,0.0464,144.978,0.582,4,39,2017-12-13,206439,LOONA
244,Yves,1,7eUtsnBNOWfWDObBZyU4F4,new,spotify:track:7eUtsnBNOWfWDObBZyU4F4,0.0665,0.65,0.622,0.0,0.193,-6.59,0.0416,107.979,0.355,4,53,2017-11-28,184527,LOONA
245,Yves,2,4ddaY4PJxvq47qIps1KQ6Q,D-1,spotify:track:4ddaY4PJxvq47qIps1KQ6Q,0.39,0.647,0.779,0.0,0.542,-4.58,0.0978,85.046,0.385,4,46,2017-11-28,199387,LOONA
246,Choerry,1,1H3i6WXxrJB7LEoH5iStvb,Love Cherry Motion,spotify:track:1H3i6WXxrJB7LEoH5iStvb,0.0198,0.696,0.863,0.0,0.114,-3.805,0.0307,136.993,0.769,4,54,2017-07-28,221847,LOONA
247,Choerry,2,0Y1oSjd9U7Qy5t7EDjAjPq,Puzzle,spotify:track:0Y1oSjd9U7Qy5t7EDjAjPq,0.07,0.723,0.711,0.0,0.088,-5.369,0.076,99.991,0.706,4,44,2017-07-28,220043,LOONA
248,JinSoul,1,1uNTfm5WZVGdig95SAXajH,Singing in the Rain,spotify:track:1uNTfm5WZVGdig95SAXajH,0.00906,0.566,0.762,1.35e-05,0.102,-6.638,0.0813,137.996,0.528,4,53,2017-06-26,211661,LOONA
249,JinSoul,2,3GAKRdjL6Snq9C7u5tMC01,Love Letter,spotify:track:3GAKRdjL6Snq9C7u5tMC01,0.257,0.623,0.652,0.0,0.125,-5.4,0.0377,110.981,0.172,4,47,2017-06-26,188899,LOONA
250,Kim Lip,1,26K21MUaPDTnzHqtiiffFv,Eclipse,spotify:track:26K21MUaPDTnzHqtiiffFv,0.394,0.538,0.782,0.0,0.122,-4.299,0.101,97.513,0.447,4,56,2017-05-23,231237,LOONA
251,Kim Lip,2,1QzbeeShhAATdT87ssWtK4,Twilight,spotify:track:1QzbeeShhAATdT87ssWtK4,0.555,0.674,0.825,0.0,0.101,-2.996,0.0614,91.995,0.566,4,46,2017-05-23,186722,LOONA
252,ViVi,1,5HGeTj4lVdLGed5c358q1f,Everyday I Love You,spotify:track:5HGeTj4lVdLGed5c358q1f,0.0395,0.706,0.754,0.0,0.217,-4.829,0.0435,119.961,0.679,4,48,2017-04-17,208160,LOONA
253,ViVi,2,089ima1riL9o88kUlCgFCp,Everyday I Need You,spotify:track:089ima1riL9o88kUlCgFCp,0.361,0.71,0.567,0.0,0.0922,-6.086,0.0266,97.041,0.554,4,42,2017-04-17,187624,LOONA
254,YeoJin,1,3DGKXLtVjawKFweymvHn84,키스는 다음에,spotify:track:3DGKXLtVjawKFweymvHn84,0.177,0.378,0.766,0.0,0.0733,-4.11,0.0924,207.642,0.632,4,48,2017-01-16,199754,LOONA
255,YeoJin,2,7vgLNwdUzUQelOr9aacuxA,My Sunday,spotify:track:7vgLNwdUzUQelOr9aacuxA,0.257,0.389,0.785,0.0,0.141,-3.994,0.125,95.011,0.609,4,41,2017-01-16,182713,LOONA
256,YeoJin,3,6f1PlxNaKfbbBosoRXmoAF,My Melody,spotify:track:6f1PlxNaKfbbBosoRXmoAF,0.197,0.665,0.869,0.0,0.171,-3.336,0.0423,97.96,0.683,4,41,2017-01-16,182920,LOONA
257,HaSeul,1,2jvTBj2oSJi3fij1WH1AJR,The Carol,spotify:track:2jvTBj2oSJi3fij1WH1AJR,0.314,0.462,0.819,0.0,0.0756,-2.717,0.0444,145.061,0.535,4,42,2016-12-15,206432,LOONA
258,HaSeul,2,0KsPxLQtEvfb04Sx1pmUsL,"소년, 소녀",spotify:track:0KsPxLQtEvfb04Sx1pmUsL,0.391,0.602,0.579,0.0,0.0945,-4.657,0.0306,116.019,0.216,4,47,2016-12-15,187649,LOONA
259,HyunJin,1,1z1nsNEnhzTfH3CX7fcsaz,I'll Be There,spotify:track:1z1nsNEnhzTfH3CX7fcsaz,0.259,0.592,0.799,0.0,0.081,-3.995,0.114,112.176,0.729,4,45,2016-11-17,188558,LOONA
260,HyunJin,2,5ugtjxSBLylCYzfVcJTLMw,다녀가요,spotify:track:5ugtjxSBLylCYzfVcJTLMw,0.802,0.548,0.644,0.0,0.0932,-4.422,0.0357,139.951,0.258,4,48,2016-11-17,209110,LOONA
261,HeeJin,1,1P2oYaTIBRB4pYL28Ps5Mv,ViViD,spotify:track:1P2oYaTIBRB4pYL28Ps5Mv,0.261,0.71,0.878,0.0,0.465,-3.67,0.151,105.966,0.747,4,49,2016-10-05,201537,LOONA
262,HeeJin,2,3w9DXhZIfOJpStUSkLHxWg,ViViD Acoustic Mix Version,spotify:track:3w9DXhZIfOJpStUSkLHxWg,0.713,0.731,0.53,0.0,0.313,-5.109,0.072,97.904,0.726,4,38,2016-10-05,216273,LOONA
263,Love & Evil,1,0HT726L1FN7csp0DmTfwhU,Love & Evil,spotify:track:0HT726L1FN7csp0DmTfwhU,0.846,0.37,0.404,0.672,0.0839,-7.747,0.0321,72.18,0.19,5,37,2017-04-27,62875,LOOΠΔ 1/3
264,Love & Evil,2,6LOPo5liG9RE6pBKTVUoEm,Sonatine,spotify:track:6LOPo5liG9RE6pBKTVUoEm,0.845,0.382,0.651,0.0,0.34,-2.893,0.0349,127.85,0.607,4,44,2017-04-27,197346,LOOΠΔ 1/3
265,Love & Evil,3,3WALXPWdol0F0quHImXEYm,Rain 51db,spotify:track:3WALXPWdol0F0quHImXEYm,0.518,0.668,0.692,0.0,0.193,-3.399,0.029,98.037,0.351,4,40,2017-04-27,201409,LOOΠΔ 1/3
266,Love & Evil,4,3isW89jO5h49OoCHpqediW,Love & Live,spotify:track:3isW89jO5h49OoCHpqediW,0.132,0.743,0.758,0.0,0.116,-4.177,0.0521,109.988,0.654,4,46,2017-04-27,206868,LOOΠΔ 1/3
267,Love & Evil,5,5K8aKuDFrWIHyNiPH1slWv,You and Me Together,spotify:track:5K8aKuDFrWIHyNiPH1slWv,0.208,0.786,0.683,0.0,0.0692,-4.252,0.0438,110.05,0.862,4,41,2017-04-27,187703,LOOΠΔ 1/3
268,Love & Evil,6,2TUQSG8OGC1cg1uMyJrJks,Fairy Tale,spotify:track:2TUQSG8OGC1cg1uMyJrJks,0.949,0.441,0.284,0.0,0.0978,-8.336,0.0362,140.206,0.171,3,39,2017-04-27,187442,LOOΠΔ 1/3
269,Love & Evil,7,4UN3kpjB0RoGXUx2zyNzK0,Valentine Girl,spotify:track:4UN3kpjB0RoGXUx2zyNzK0,0.065,0.72,0.599,0.0,0.0522,-4.162,0.0336,154.957,0.749,4,39,2017-04-27,190722,LOOΠΔ 1/3
270,Love & Live,1,1vFgGSZOjdomaUakHJi3oB,Into the New Heart,spotify:track:1vFgGSZOjdomaUakHJi3oB,9.54e-05,0.528,0.927,0.0954,0.499,-7.635,0.0927,109.018,0.142,4,34,2017-03-13,67437,LOOΠΔ 1/3
275,Max & Match,1,4NzNeHybw9rIbbRb7ztgfm,ADD,spotify:track:4NzNeHybw9rIbbRb7ztgfm,0.0485,0.389,0.778,0.162,0.199,-8.936,0.215,97.869,0.305,3,39,2017-10-31,64215,LOOΠΔ / ODD EYE CIRCLE
276,Max & Match,2,5fgpCIjBJ098E9zqN9DS87,Sweet Crazy Love,spotify:track:5fgpCIjBJ098E9zqN9DS87,0.041,0.542,0.862,0.0,0.084,-4.413,0.0983,111.941,0.543,4,51,2017-10-31,209083,LOOΠΔ / ODD EYE CIRCLE
277,Max & Match,3,2oFbMd0TcgUm7Df4Sx16h9,Uncover,spotify:track:2oFbMd0TcgUm7Df4Sx16h9,0.131,0.75,0.764,0.0,0.072,-4.916,0.0442,130.054,0.397,4,48,2017-10-31,200987,LOOΠΔ / ODD EYE CIRCLE
278,Max & Match,4,5OnchRw2yAuIAwp2RYLCBa,Girl Front,spotify:track:5OnchRw2yAuIAwp2RYLCBa,0.0491,0.72,0.794,2.14e-05,0.264,-4.084,0.156,140.01,0.694,4,55,2017-10-31,196733,LOOΠΔ / ODD EYE CIRCLE
279,Max & Match,5,2FwFu6y1aXPWXWcD9RxA6v,LOONATIC,spotify:track:2FwFu6y1aXPWXWcD9RxA6v,0.00186,0.487,0.885,3.49e-05,0.102,-3.799,0.0984,149.937,0.762,4,46,2017-10-31,180575,LOOΠΔ / ODD EYE CIRCLE
280,Max & Match,6,4wOXL5AcwYT1Lc8IuqZfot,Chaotic,spotify:track:4wOXL5AcwYT1Lc8IuqZfot,0.552,0.723,0.784,0.0,0.0607,-4.443,0.122,135.868,0.776,4,43,2017-10-31,239346,LOOΠΔ / ODD EYE CIRCLE
281,Max & Match,7,7hhXSyozEb30vG4dqzqQBv,Starlight,spotify:track:7hhXSyozEb30vG4dqzqQBv,0.399,0.646,0.731,0.0,0.135,-5.184,0.0465,119.894,0.388,4,42,2017-10-31,201365,LOOΠΔ / ODD EYE CIRCLE
282,Max & Match,8,0ZsRFf3jsn4MvGHUoIcKLy,ODD Front,spotify:track:0ZsRFf3jsn4MvGHUoIcKLy,0.0335,0.632,0.806,3.19e-06,0.115,-4.319,0.0416,139.981,0.385,4,47,2017-10-31,225733,LOOΠΔ / ODD EYE CIRCLE
283,LOONATIC Eng. Ver.,1,7xkpUBffveGC99B2UYIuFy,LOONATIC Eng. Ver.,spotify:track:7xkpUBffveGC99B2UYIuFy,0.00199,0.501,0.889,0.0178,0.0901,-4.411,0.0872,150.11,0.816,4,45,2017-10-23,180575,LOOΠΔ / ODD EYE CIRCLE
284,Mix & Match,1,3GRwM20EPVWjKoVsNsHjrj,ODD,spotify:track:3GRwM20EPVWjKoVsNsHjrj,0.595,0.25,0.833,6.64e-05,0.189,-9.554,0.0465,136.885,0.287,4,36,2017-09-21,45175,LOOΠΔ / ODD EYE CIRCLE
289,beauty&thebeat,1,2GkF0nk8gmLYru7UZcZA9K,dal segno,spotify:track:2GkF0nk8gmLYru7UZcZA9K,0.0366,0.819,0.655,0.0475,0.253,-5.9,0.0504,110.116,0.436,4,38,2018-05-30,65971,LOONA/yyxy
290,beauty&thebeat,2,4rKEmhNA19JezqVsSQS4yo,love4eva (feat. Grimes),spotify:track:4rKEmhNA19JezqVsSQS4yo,0.0677,0.737,0.954,0.0,0.223,-2.111,0.0354,102.015,0.733,4,55,2018-05-30,220477,LOONA/yyxy
291,beauty&thebeat,3,5zNzvVBEuk8EEQslNTe42B,frozen,spotify:track:5zNzvVBEuk8EEQslNTe42B,0.0447,0.613,0.87,0.0,0.401,-3.639,0.0581,124.055,0.217,4,42,2018-05-30,207928,LOONA/yyxy
292,beauty&thebeat,4,0ZoFCxoLfn2uKunJbm4ERr,one way,spotify:track:0ZoFCxoLfn2uKunJbm4ERr,0.696,0.471,0.504,0.0,0.146,-4.187,0.0315,133.776,0.191,4,40,2018-05-30,227312,LOONA/yyxy
293,beauty&thebeat,5,3jueKDWC9DmTfnU2jMxE8U,rendezvous 18.6y,spotify:track:3jueKDWC9DmTfnU2jMxE8U,0.249,0.538,0.734,0.0,0.349,-4.387,0.0837,159.785,0.539,4,43,2018-05-30,205811,LOONA/yyxy
295,GO LIVE,2,0i81cQOYOJiUtOwEBaRcAK,God's Menu,spotify:track:0i81cQOYOJiUtOwEBaRcAK,0.00776,0.689,0.771,0.0,0.521,-3.618,0.0548,157.052,0.482,4,49,2020-06-17,167922,Stray Kids
308,GO LIVE,1,1M9qmt6EFa0RJJV8C7Y3HO,GO LIVE,spotify:track:1M9qmt6EFa0RJJV8C7Y3HO,0.0318,0.656,0.869,0.0688,0.0781,-7.606,0.102,153.967,0.115,4,65,2020-06-17,110621,Stray Kids
309,GO LIVE,2,0RzT9tBLcQhofW2TNiHP9B,God’s Menu,spotify:track:0RzT9tBLcQhofW2TNiHP9B,0.00776,0.689,0.771,0.0,0.521,-3.618,0.0548,157.052,0.482,4,78,2020-06-17,167922,Stray Kids
310,GO LIVE,3,2AeLlfB0vLKz7nukzQ97ri,Easy,spotify:track:2AeLlfB0vLKz7nukzQ97ri,0.000219,0.701,0.812,1.03e-05,0.471,-5.175,0.0602,144.1,0.388,4,67,2020-06-17,183134,Stray Kids
311,GO LIVE,4,53StevmjK3N3aYHwoxRsBQ,Pacemaker,spotify:track:53StevmjK3N3aYHwoxRsBQ,0.0219,0.795,0.874,0.0,0.114,-3.602,0.0601,100.024,0.497,4,65,2020-06-17,190602,Stray Kids
312,GO LIVE,5,45GRs2YmGzTKp2MmafqCjG,Airplane,spotify:track:45GRs2YmGzTKp2MmafqCjG,0.0756,0.796,0.813,0.0,0.0428,-3.116,0.207,156.047,0.858,4,65,2020-06-17,214726,Stray Kids
313,GO LIVE,6,01UPzueYKNIRn4R9l5neB5,Another Day,spotify:track:01UPzueYKNIRn4R9l5neB5,0.422,0.848,0.453,3.67e-05,0.333,-10.234,0.126,94.991,0.54,4,64,2020-06-17,166968,Stray Kids
314,GO LIVE,7,6m8vPz16wTojmAnVgdWtls,Phobia,spotify:track:6m8vPz16wTojmAnVgdWtls,0.0491,0.681,0.923,0.0,0.0769,-3.387,0.042,141.996,0.551,4,65,2020-06-17,212618,Stray Kids
315,GO LIVE,8,560TR1d15nGMXufjbt5tys,Blueprint,spotify:track:560TR1d15nGMXufjbt5tys,0.0591,0.744,0.77,0.0,0.287,-4.54,0.0599,109.977,0.606,4,64,2020-06-17,251300,Stray Kids
316,GO LIVE,9,0I952Ff5CiRpdtfpSGUuA9,TA,spotify:track:0I952Ff5CiRpdtfpSGUuA9,0.00262,0.639,0.957,0.0,0.367,-3.157,0.236,126.031,0.487,4,64,2020-06-17,208657,Stray Kids
317,GO LIVE,10,6RjcdArzX2hixSXkGVLt1o,Haven,spotify:track:6RjcdArzX2hixSXkGVLt1o,0.0529,0.677,0.95,0.0,0.102,-3.535,0.0708,129.973,0.593,4,63,2020-06-17,199671,Stray Kids
318,GO LIVE,11,05E7iRWsq1MYAlJElzCKCv,"TOP (""Tower of God"" OP)",spotify:track:05E7iRWsq1MYAlJElzCKCv,0.00316,0.615,0.941,0.0,0.237,-2.71,0.131,97.924,0.247,4,62,2020-06-17,185552,Stray Kids
319,GO LIVE,12,2GpRNFluKholHzpWM7t0t8,"SLUMP (""Tower of God"" ED)",spotify:track:2GpRNFluKholHzpWM7t0t8,0.166,0.608,0.873,0.0,0.493,-3.844,0.168,160.048,0.655,4,61,2020-06-17,134792,Stray Kids
320,GO LIVE,13,41qqDAW8PnUMNFdqqrvMEz,Mixtape : Gone Days,spotify:track:41qqDAW8PnUMNFdqqrvMEz,0.139,0.897,0.818,0.0,0.0465,-4.74,0.0668,135.029,0.875,4,60,2020-06-17,194885,Stray Kids
322,SKZ2020,1,4nqItrfQh19qff8UYiznxU,Levanter -Japanese ver.-,spotify:track:4nqItrfQh19qff8UYiznxU,0.00397,0.556,0.697,0.0,0.52,-4.864,0.0558,149.984,0.375,4,24,2020-03-18,197440,Stray Kids
324,SKZ2020,3,6TLHpNGuV3kiAHVfkKuEE3,My Pace -Japanese ver.-,spotify:track:6TLHpNGuV3kiAHVfkKuEE3,0.0179,0.672,0.865,0.0,0.104,-4.166,0.269,154.979,0.7,4,27,2020-03-18,191413,Stray Kids
350,SKZ2020,2,4pbn3QsIKWv6BawpO14Kzq,BEWARE,spotify:track:4pbn3QsIKWv6BawpO14Kzq,0.0414,0.678,0.951,0.0,0.378,-2.649,0.213,98.028,0.404,4,50,2020-03-18,190653,Stray Kids
351,SKZ2020,3,3aYsXEPnbdHwIByyJIF4b8,Spread My Wings,spotify:track:3aYsXEPnbdHwIByyJIF4b8,0.15,0.68,0.945,0.0,0.238,-3.472,0.191,139.887,0.67,4,52,2020-03-18,202120,Stray Kids
352,SKZ2020,4,3TdDuTNDALwxyPSy8mqVWY,YAYAYA,spotify:track:3TdDuTNDALwxyPSy8mqVWY,0.108,0.674,0.938,0.0,0.0969,-1.687,0.223,132.041,0.696,4,50,2020-03-18,202666,Stray Kids
354,SKZ2020,6,6wFFqR7yjw21vqFvA08PWu,Mirror,spotify:track:6wFFqR7yjw21vqFvA08PWu,0.0134,0.589,0.849,0.0,0.121,-3.761,0.276,185.936,0.518,4,49,2020-03-18,222440,Stray Kids
355,SKZ2020,7,5m34huZyl058eNO7F4hIG9,Grow Up,spotify:track:5m34huZyl058eNO7F4hIG9,0.114,0.553,0.944,0.0,0.353,-3.254,0.249,174.096,0.625,4,51,2020-03-18,213040,Stray Kids
360,SKZ2020,12,0DKnykHG3eGnUM6YQe7Z5a,Awkward Silence,spotify:track:0DKnykHG3eGnUM6YQe7Z5a,0.0972,0.541,0.894,0.0,0.0974,-2.989,0.248,199.821,0.732,4,52,2020-03-18,195320,Stray Kids
380,Clé : LEVANTER,1,5rqvgt4X1q8M6PYDQm7PCg,STOP,spotify:track:5rqvgt4X1q8M6PYDQm7PCg,0.158,0.769,0.862,0.000569,0.193,-6.213,0.121,128.025,0.196,4,53,2019-12-09,189513,Stray Kids
381,Clé : LEVANTER,2,3TzrKNQCfNOf1CywNC5U4A,Double Knot,spotify:track:3TzrKNQCfNOf1CywNC5U4A,0.0634,0.754,0.734,0.0,0.467,-5.352,0.349,146.954,0.579,4,55,2019-12-09,189771,Stray Kids
382,Clé : LEVANTER,3,4mtPGvoOvfqskC9M3tNZrV,Levanter,spotify:track:4mtPGvoOvfqskC9M3tNZrV,0.00747,0.559,0.695,0.0,0.545,-4.722,0.0518,149.964,0.349,4,63,2019-12-09,195656,Stray Kids
383,Clé : LEVANTER,4,0d0dnERp81YYz95fuakZb5,Booster,spotify:track:0d0dnERp81YYz95fuakZb5,0.0724,0.657,0.877,0.0,0.349,-4.929,0.0923,150.05,0.812,4,53,2019-12-09,220648,Stray Kids
384,Clé : LEVANTER,5,62namC9dSNTcs6lDhk1WOT,Astronaut,spotify:track:62namC9dSNTcs6lDhk1WOT,0.0269,0.751,0.843,0.0,0.187,-6.539,0.0992,120.053,0.647,4,55,2019-12-09,179008,Stray Kids
385,Clé : LEVANTER,6,2wpiWR4tTz4ewnYV1v4KQC,Sunshine,spotify:track:2wpiWR4tTz4ewnYV1v4KQC,0.0849,0.725,0.655,0.0,0.161,-5.766,0.0656,143.019,0.493,4,57,2019-12-09,222284,Stray Kids
386,Clé : LEVANTER,7,5VoUJEP8CmWmHrsmcAaNSh,You Can STAY,spotify:track:5VoUJEP8CmWmHrsmcAaNSh,0.0153,0.73,0.757,0.0,0.111,-7.042,0.0542,94.986,0.356,4,54,2019-12-09,208443,Stray Kids
396,Clé 2 : Yellow Wood,1,28eDLOPRRQUipJ7t4b06Nz,Road Not Taken,spotify:track:28eDLOPRRQUipJ7t4b06Nz,0.272,0.718,0.913,0.00112,0.116,-4.195,0.129,128.088,0.322,4,52,2019-06-19,95762,Stray Kids
397,Clé 2 : Yellow Wood,2,1BiXkuVBXz9IzP7210Zo9I,Side Effects,spotify:track:1BiXkuVBXz9IzP7210Zo9I,0.0215,0.443,0.978,0.0,0.0545,-1.736,0.145,129.987,0.114,4,63,2019-06-19,193852,Stray Kids
398,Clé 2 : Yellow Wood,3,2tZnDhLZoBE0ufusCEmhAL,TMT,spotify:track:2tZnDhLZoBE0ufusCEmhAL,0.055,0.798,0.852,0.0,0.0821,-3.225,0.0593,131.98,0.6,4,51,2019-06-19,207382,Stray Kids
399,Clé 2 : Yellow Wood,4,5L2p3U6GL2M2ojfZouGIIA,Mixtape#1,spotify:track:5L2p3U6GL2M2ojfZouGIIA,0.0338,0.796,0.759,0.0,0.0805,-3.613,0.081,99.992,0.498,4,51,2019-06-19,252933,Stray Kids
400,Clé 2 : Yellow Wood,5,6Gmy7RKh5jkBNzrNx0q8o2,Mixtape#2,spotify:track:6Gmy7RKh5jkBNzrNx0q8o2,0.525,0.602,0.504,0.0,0.219,-5.56,0.0707,173.958,0.484,4,53,2019-06-19,291844,Stray Kids
401,Clé 2 : Yellow Wood,6,7f6LzwjohLRDhkf7oqwUka,Mixtape#3,spotify:track:7f6LzwjohLRDhkf7oqwUka,0.236,0.762,0.644,0.0,0.237,-7.349,0.0426,114.051,0.587,4,51,2019-06-19,257853,Stray Kids
402,Clé 2 : Yellow Wood,7,2oB05HvHUVNPQI1tTiPoU4,Mixtape#4,spotify:track:2oB05HvHUVNPQI1tTiPoU4,0.0512,0.682,0.919,0.0,0.228,-3.168,0.188,98.067,0.529,4,52,2019-06-19,231463,Stray Kids
403,Clé 1 : MIROH,1,2H2a3l3nNrwCRngGylrVwN,Entrance,spotify:track:2H2a3l3nNrwCRngGylrVwN,0.0291,0.664,0.792,0.204,0.118,-6.046,0.0375,106.002,0.602,4,48,2019-03-25,98760,Stray Kids
404,Clé 1 : MIROH,2,4WuKHgxdCJsaOBIh7yndty,MIROH,spotify:track:4WuKHgxdCJsaOBIh7yndty,0.00911,0.563,0.979,0.0,0.249,-3.104,0.104,126.063,0.503,4,69,2019-03-25,207617,Stray Kids
405,Clé 1 : MIROH,3,6zvxOpyfvj2HH9iciFS0Px,Victory Song,spotify:track:6zvxOpyfvj2HH9iciFS0Px,0.00426,0.757,0.734,0.0,0.183,-4.535,0.0783,103.046,0.499,4,57,2019-03-25,196384,Stray Kids
406,Clé 1 : MIROH,4,7ruSvscfXs9cGBJo3bHNDn,Maze of Memories,spotify:track:7ruSvscfXs9cGBJo3bHNDn,0.194,0.711,0.699,0.0,0.108,-4.049,0.279,129.915,0.089,4,54,2019-03-25,175175,Stray Kids
407,Clé 1 : MIROH,5,5RqPSSwBwGGxgk7KYLUgay,Boxer,spotify:track:5RqPSSwBwGGxgk7KYLUgay,0.00781,0.677,0.905,0.0,0.291,-3.421,0.107,104.918,0.403,4,54,2019-03-25,200513,Stray Kids
408,Clé 1 : MIROH,6,2bUNQdhILcUR9BxE42AIMk,Chronosaurus,spotify:track:2bUNQdhILcUR9BxE42AIMk,0.26,0.501,0.875,0.0,0.185,-3.78,0.13,200.086,0.392,4,53,2019-03-25,198671,Stray Kids
409,Clé 1 : MIROH,7,5sYZPoYOvnjp4RcWYKisnR,19,spotify:track:5sYZPoYOvnjp4RcWYKisnR,0.388,0.78,0.653,0.0,0.093,-5.107,0.176,105.176,0.397,4,53,2019-03-25,205517,Stray Kids
410,I am YOU,1,6XUkHANd4nqJ2n36NIGSfV,YOU.,spotify:track:6XUkHANd4nqJ2n36NIGSfV,0.014,0.504,0.966,0.000534,0.354,-5.349,0.221,169.986,0.241,4,48,2018-10-22,78834,Stray Kids
411,I am YOU,2,59auNCL6Q3hx7eT7bwT55O,I am YOU,spotify:track:59auNCL6Q3hx7eT7bwT55O,0.0158,0.655,0.821,0.0,0.131,-4.741,0.187,144.977,0.672,4,58,2018-10-22,204239,Stray Kids
412,I am YOU,3,0JA999rRR2pGjuCnH3iboz,편 My Side,spotify:track:0JA999rRR2pGjuCnH3iboz,0.00388,0.567,0.91,0.0,0.183,-4.485,0.09,165.991,0.347,4,50,2018-10-22,216788,Stray Kids
413,I am YOU,4,5P4LVqVhX63AsGoF1v6dAH,해장국 Hero's Soup,spotify:track:5P4LVqVhX63AsGoF1v6dAH,0.301,0.598,0.559,0.0,0.263,-7.534,0.0616,171.851,0.0922,4,51,2018-10-22,212481,Stray Kids
414,I am YOU,5,3LAHbEBvDfj38gcUTA8bS7,Get Cool,spotify:track:3LAHbEBvDfj38gcUTA8bS7,0.0893,0.804,0.854,0.0,0.27,-4.194,0.0915,151.955,0.9,4,61,2018-10-22,194758,Stray Kids
415,I am YOU,6,5FWazzY9DEqlN7q1xEmEgb,극과 극 N/S,spotify:track:5FWazzY9DEqlN7q1xEmEgb,0.00218,0.822,0.668,0.0,0.1,-4.845,0.055,130.001,0.38,4,55,2018-10-22,224042,Stray Kids
416,I am YOU,7,5rNxfRh0OroqFtEG9hd3ML,0325,spotify:track:5rNxfRh0OroqFtEG9hd3ML,0.00718,0.499,0.854,0.0,0.17,-4.644,0.146,170.031,0.589,4,49,2018-10-22,218442,Stray Kids
417,I am WHO,1,2pXsVqASVWQgXVrtY4Bp0v,WHO?,spotify:track:2pXsVqASVWQgXVrtY4Bp0v,0.0408,0.337,0.846,4.49e-06,0.236,-4.003,0.0682,84.71,0.364,4,49,2018-08-06,104995,Stray Kids
418,I am WHO,2,339xlPKDLkEkFBFkMfAFfJ,My Pace,spotify:track:339xlPKDLkEkFBFkMfAFfJ,0.0569,0.682,0.831,0.0,0.0927,-4.234,0.253,155.12,0.785,4,63,2018-08-06,189325,Stray Kids
419,I am WHO,3,1grES9LSTRxKy5QC22VedG,Voices,spotify:track:1grES9LSTRxKy5QC22VedG,0.0168,0.649,0.87,0.0,0.36,-2.475,0.0503,149.927,0.298,4,57,2018-08-06,200382,Stray Kids
420,I am WHO,4,0LoUxvHRlxOkZvK0Y4ZJKb,Question,spotify:track:0LoUxvHRlxOkZvK0Y4ZJKb,0.0422,0.758,0.865,0.0,0.483,-2.546,0.091,98.055,0.592,4,51,2018-08-06,182699,Stray Kids
421,I am WHO,5,4j4ljkDStTGXYS4cA9zrEZ,불면증 Insomnia,spotify:track:4j4ljkDStTGXYS4cA9zrEZ,0.157,0.651,0.748,0.0,0.102,-3.764,0.343,167.964,0.767,4,56,2018-08-06,206430,Stray Kids
422,I am WHO,6,5b6tcjRBVcjhUwvPr28heg,M.I.A.,spotify:track:5b6tcjRBVcjhUwvPr28heg,0.146,0.82,0.864,0.0,0.178,-3.638,0.189,139.959,0.61,4,52,2018-08-06,210737,Stray Kids
423,I am WHO,7,0ivHl4o98F1DUOA0bQgEZs,갑자기 분위기 싸해질 필요 없잖아요 Awkward Silence,spotify:track:0ivHl4o98F1DUOA0bQgEZs,0.289,0.579,0.915,0.0,0.154,-2.582,0.224,199.974,0.765,4,52,2018-08-06,193751,Stray Kids
424,I am NOT,1,72Yh4fn3T5juTqCqSrcKWM,NOT!,spotify:track:72Yh4fn3T5juTqCqSrcKWM,0.0203,0.572,0.859,0.000382,0.236,-6.511,0.333,170.248,0.403,3,47,2018-03-26,82437,Stray Kids
425,I am NOT,2,3oJ7NaVHfhZBR0Yl9L3AhF,District 9,spotify:track:3oJ7NaVHfhZBR0Yl9L3AhF,0.0124,0.529,0.956,3.6e-06,0.119,-1.889,0.265,179.989,0.559,4,57,2018-03-26,211762,Stray Kids
427,I am NOT,4,7ineiuPt9Zo32gM4YECO3x,Awaken,spotify:track:7ineiuPt9Zo32gM4YECO3x,0.22,0.568,0.929,0.0,0.507,-1.778,0.232,81.997,0.602,4,48,2018-03-26,193975,Stray Kids
428,I am NOT,5,02gZBM6ZAxTYgyMpOdcTE6,ROCK (돌) ROCK,spotify:track:02gZBM6ZAxTYgyMpOdcTE6,0.0196,0.763,0.829,5.72e-05,0.0485,-3.448,0.234,141.986,0.409,4,49,2018-03-26,193469,Stray Kids
429,I am NOT,6,3S555Zc9GgUL59wbQIPgr7,잘 하고 있어 Grow Up,spotify:track:3S555Zc9GgUL59wbQIPgr7,0.193,0.557,0.935,0.0,0.328,-2.701,0.322,174.066,0.512,4,50,2018-03-26,210965,Stray Kids
430,I am NOT,7,6CIeX7pNuEd0VK279BizU5,3rd Eye,spotify:track:6CIeX7pNuEd0VK279BizU5,0.313,0.661,0.694,0.0,0.124,-4.401,0.343,139.76,0.327,4,51,2018-03-26,243960,Stray Kids
431,Mixtape,1,67LJNZyfDA1uaPCtlpyuKN,Hellevator,spotify:track:67LJNZyfDA1uaPCtlpyuKN,0.00816,0.515,0.816,0.0,0.351,-2.33,0.165,78.169,0.288,4,65,2018-01-08,240000,Stray Kids
432,Mixtape,2,1oXPJ9hS9fjFiQyQSOChu8,Grrr 총량의 법칙,spotify:track:1oXPJ9hS9fjFiQyQSOChu8,0.0426,0.675,0.963,0.0,0.398,-1.884,0.171,97.966,0.455,4,50,2018-01-08,189938,Stray Kids
433,Mixtape,3,53qnaL5GjmtOPOQZRsxWKd,어린 날개,spotify:track:53qnaL5GjmtOPOQZRsxWKd,0.172,0.666,0.938,0.0,0.319,-2.553,0.11,139.96,0.615,4,49,2018-01-08,200409,Stray Kids
435,Mixtape,5,7H6AnhZQDrzm8JPKcvD1KC,GLOW,spotify:track:7H6AnhZQDrzm8JPKcvD1KC,0.398,0.69,0.722,0.0,0.327,-4.905,0.0831,90.022,0.604,4,51,2018-01-08,204345,Stray Kids
436,Mixtape,6,0k165ayrLWHRW4TYjsArx7,School Life,spotify:track:0k165ayrLWHRW4TYjsArx7,0.000527,0.662,0.957,1.11e-06,0.234,-1.602,0.0544,130.01,0.476,4,50,2018-01-08,216376,Stray Kids
437,Mixtape,7,3jMozM7QoJvISBip9smWYu,4419,spotify:track:3jMozM7QoJvISBip9smWYu,0.391,0.567,0.83,0.0,0.07,-2.933,0.0566,85.951,0.659,4,48,2018-01-08,193087,Stray Kids
440,TOP (Japanese version),3,47eAwxEYkvdPxLvfHWX8A1,TOP - Instrumental,spotify:track:47eAwxEYkvdPxLvfHWX8A1,3.72e-05,0.584,0.939,0.939,0.273,-3.125,0.0381,97.995,0.157,4,36,2020-05-26,188013,Stray Kids
441,TOP (Japanese version),4,4qJ80jvcMJKsiA7o5UQUmo,SLUMP - Instrumental,spotify:track:4qJ80jvcMJKsiA7o5UQUmo,0.0017,0.575,0.66,0.0757,0.0942,-7.027,0.0295,160.083,0.456,4,36,2020-05-26,136226,Stray Kids
444,TOP -Japanese ver.-,3,1nkeA1RMw2riWZhax09lfE,TOP (Instrumental),spotify:track:1nkeA1RMw2riWZhax09lfE,3.72e-05,0.584,0.939,0.939,0.273,-3.125,0.0381,97.995,0.157,4,17,2020-05-26,188013,Stray Kids
445,TOP -Japanese ver.-,4,1H2bl6LArsE17iBCMYtk0B,SLUMP (Instrumental),spotify:track:1H2bl6LArsE17iBCMYtk0B,0.0017,0.575,0.66,0.0757,0.0942,-7.027,0.0295,160.083,0.456,4,18,2020-05-26,136226,Stray Kids
446,TOP,1,1q5Q9KEhbLW1hBDofxVH9E,TOP - English Version,spotify:track:1q5Q9KEhbLW1hBDofxVH9E,0.0026,0.616,0.949,0.0,0.166,-1.457,0.187,97.942,0.33,4,54,2020-05-20,185839,Stray Kids
447,TOP,2,32kIQmekJxJYQK75okFIrR,SLUMP - English Version,spotify:track:32kIQmekJxJYQK75okFIrR,0.119,0.599,0.843,0.0,0.621,-3.683,0.127,159.969,0.618,4,56,2020-05-20,134840,Stray Kids
448,TOP -English ver.-,1,1SyzqWGRH9Zj9lmd2bQm9U,TOP -English ver.-,spotify:track:1SyzqWGRH9Zj9lmd2bQm9U,0.0026,0.616,0.949,0.0,0.166,-1.457,0.187,97.942,0.33,4,26,2020-05-20,185839,Stray Kids
449,TOP -English ver.-,2,5j8KF3O0ZGnFMzSDkMZVR1,SLUMP -English ver.-,spotify:track:5j8KF3O0ZGnFMzSDkMZVR1,0.119,0.599,0.843,0.0,0.621,-3.683,0.127,159.969,0.618,4,22,2020-05-20,134840,Stray Kids
454,SLUMP (Japanese version),1,7k68K2wiOTWwRMXkwBZrl6,SLUMP - Japanese version,spotify:track:7k68K2wiOTWwRMXkwBZrl6,0.145,0.592,0.83,0.0,0.124,-3.367,0.213,159.887,0.751,4,62,2020-05-06,137080,Stray Kids
455,SLUMP -Japanese ver.-,1,66JOk3VWkYDxriXsuYtqDc,SLUMP -Japanese ver.-,spotify:track:66JOk3VWkYDxriXsuYtqDc,0.145,0.592,0.83,0.0,0.124,-3.367,0.213,159.887,0.751,4,39,2020-05-06,137080,Stray Kids
456,TOP (Japanese version),1,78Lq4xahHIAkhtn5gfJMyW,TOP - Japanese version,spotify:track:78Lq4xahHIAkhtn5gfJMyW,0.00146,0.629,0.965,0.0,0.254,-1.565,0.0939,98.024,0.43,4,66,2020-04-28,188013,Stray Kids
457,TOP -Japanese ver.-,1,4pDvFXWbdFiQVpdZd0Z59u,TOP -Japanese ver.-,spotify:track:4pDvFXWbdFiQVpdZd0Z59u,0.00146,0.629,0.965,0.0,0.254,-1.565,0.0939,98.024,0.43,4,42,2020-04-28,188013,Stray Kids
458,Mixtape : On Track,1,3diZHzXj5LNxztVwBjnebn,Mixtape : On Track,spotify:track:3diZHzXj5LNxztVwBjnebn,0.208,0.439,0.791,0.0,0.479,-2.832,0.106,171.15,0.537,3,65,2020-03-25,207814,Stray Kids
460,風 (Levanter) -Japanese ver.- [Japanese version],1,4fgHND4GajFKnCFrcKdwdy,風 (Levanter) -Japanese ver.- - Japanese version,spotify:track:4fgHND4GajFKnCFrcKdwdy,0.00396,0.557,0.696,0.0,0.52,-4.864,0.0558,149.98,0.375,4,34,2020-03-13,197440,Stray Kids
461,風 (Levanter) -Japanese ver.-,1,6CQoi1LoiY4pWy2iLGK2Wr,風 (Levanter) -Japanese ver.-,spotify:track:6CQoi1LoiY4pWy2iLGK2Wr,0.00397,0.556,0.697,0.0,0.52,-4.864,0.0558,149.984,0.375,4,22,2020-03-09,197440,Stray Kids
462,Double Knot -Japanese ver.- (Japanese version),1,1xj397FD7obNrU2gjcAgtp,Double Knot -Japanese ver.- - Japanese version,spotify:track:1xj397FD7obNrU2gjcAgtp,0.0626,0.755,0.72,0.0,0.109,-4.975,0.392,147.026,0.562,4,44,2020-02-19,191440,Stray Kids
463,Double Knot -Japanese ver.-,1,2PmUenE2zAgtNFqOhi44ak,Double Knot -Japanese ver.-,spotify:track:2PmUenE2zAgtNFqOhi44ak,0.0633,0.755,0.72,0.0,0.109,-4.975,0.392,147.034,0.562,4,23,2020-02-18,191440,Stray Kids
465,My Pace -Japanese ver.- (Japanese version),1,6tvq6EHXgwO45cpEgW0Wyz,My Pace -Japanese ver.- - Japanese version,spotify:track:6tvq6EHXgwO45cpEgW0Wyz,0.0163,0.664,0.867,0.0,0.0954,-4.099,0.275,154.991,0.703,4,36,2020-01-29,189149,Stray Kids
466,Step Out of Cle,1,1ifQWoo7g1MZFhmmCcYepg,Double Knot English Version,spotify:track:1ifQWoo7g1MZFhmmCcYepg,0.0465,0.736,0.698,0.0,0.47,-5.458,0.317,146.951,0.624,4,12,2020-01-24,189758,Stray Kids
467,Step Out of Cle,2,1gWqbKarkks0uhOlotUGTx,Levanter English Version,spotify:track:1gWqbKarkks0uhOlotUGTx,0.00884,0.576,0.724,0.0,0.541,-4.417,0.0549,149.971,0.446,4,35,2020-01-24,195671,Stray Kids
468,Step Out of Clé,1,16Zmclfton0iZ3QQ4mOVzr,Double Knot - English,spotify:track:16Zmclfton0iZ3QQ4mOVzr,0.0465,0.736,0.698,0.0,0.47,-5.458,0.317,146.951,0.624,4,51,2020-01-24,189758,Stray Kids
469,Step Out of Clé,2,55qqNyvwWUn1A3ItPVUOoo,Levanter - English,spotify:track:55qqNyvwWUn1A3ItPVUOoo,0.00885,0.574,0.723,0.0,0.541,-4.418,0.0552,149.957,0.443,4,59,2020-01-24,195671,Stray Kids
475,MORE & MORE,6,5Y3OPUKCfbGNygyijpeP4e,DON'T CALL ME AGAIN,spotify:track:5Y3OPUKCfbGNygyijpeP4e,0.00146,0.516,0.902,5.31e-05,0.112,-4.686,0.175,187.873,0.613,4,50,2020-06-01,173346,TWICE
477,MORE & MORE,1,3omvXShuRPM3zbDpWYqf5g,MORE & MORE,spotify:track:3omvXShuRPM3zbDpWYqf5g,0.0312,0.739,0.841,0.0,0.173,-4.162,0.06,106.99,0.562,4,84,2020-06-01,199653,TWICE
478,MORE & MORE,2,128rj96Z6tTEU3h3awSMdB,OXYGEN,spotify:track:128rj96Z6tTEU3h3awSMdB,0.0564,0.775,0.87,2.82e-06,0.273,-4.198,0.0576,129.956,0.501,4,69,2020-06-01,225400,TWICE
479,MORE & MORE,3,5NhDDt5Zy8yGOECN3PLRdE,FIREWORK,spotify:track:5NhDDt5Zy8yGOECN3PLRdE,0.115,0.7,0.92,2.93e-06,0.701,-1.532,0.0536,108.006,0.685,4,67,2020-06-01,193466,TWICE
480,MORE & MORE,4,6caS9LrdquWAfGeAmjqt1t,MAKE ME GO,spotify:track:6caS9LrdquWAfGeAmjqt1t,0.00539,0.818,0.633,0.00174,0.0446,-3.145,0.0611,111.517,0.814,4,68,2020-06-01,186706,TWICE
481,MORE & MORE,5,7HzvvhTmfzvD1dV4F7MIcm,SHADOW,spotify:track:7HzvvhTmfzvD1dV4F7MIcm,0.138,0.696,0.751,0.0,0.282,-4.966,0.161,110.8,0.478,4,66,2020-06-01,168893,TWICE
482,MORE & MORE,6,4pOPTaIor4ilgBCcOmnJRU,DON’T CALL ME AGAIN,spotify:track:4pOPTaIor4ilgBCcOmnJRU,0.00146,0.516,0.902,5.31e-05,0.112,-4.686,0.175,187.873,0.613,4,64,2020-06-01,173346,TWICE
483,MORE & MORE,7,6UrML9LyuaBWgZV3nFLLGl,SWEET SUMMER DAY,spotify:track:6UrML9LyuaBWgZV3nFLLGl,0.0187,0.707,0.95,1.14e-05,0.35,-3.189,0.0645,110.029,0.589,4,65,2020-06-01,191986,TWICE
495,&TWICE (Repackage),1,3egADkalVEpD99sI5AGGYe,SWING,spotify:track:3egADkalVEpD99sI5AGGYe,0.0216,0.709,0.741,1.33e-06,0.111,-4.085,0.0572,120.002,0.702,4,54,2020-02-05,202540,TWICE
517,&TWICE,2,7m9xWqWjyXPzBP1jNbtPrA,Stronger,spotify:track:7m9xWqWjyXPzBP1jNbtPrA,0.0217,0.832,0.9,0.000138,0.315,-5.645,0.0647,127.041,0.962,4,43,2019-11-20,194973,TWICE
519,&TWICE,4,4kgu9eJvgj8gOCEh5YKb3x,Changing!,spotify:track:4kgu9eJvgj8gOCEh5YKb3x,0.261,0.832,0.904,0.00029,0.0932,-3.116,0.0729,120.04,0.81,4,44,2019-11-20,222093,TWICE
521,&TWICE,6,25RWkl9jIFBN1ynlthsnsh,What You Waiting For,spotify:track:25RWkl9jIFBN1ynlthsnsh,0.024,0.754,0.91,2.53e-06,0.302,-3.415,0.0735,119.972,0.695,4,46,2019-11-20,201600,TWICE
522,&TWICE,7,7Cyj9DCOFZpMHa5bi42dlA,Be OK,spotify:track:7Cyj9DCOFZpMHa5bi42dlA,0.0305,0.854,0.714,0.0,0.0413,-4.641,0.149,115.017,0.634,4,40,2019-11-20,188840,TWICE
523,&TWICE,8,2LqjwaWigfLE2G0CoPaSmr,POLISH,spotify:track:2LqjwaWigfLE2G0CoPaSmr,0.114,0.642,0.874,0.00031,0.0397,-5.134,0.206,204.112,0.888,4,42,2019-11-20,181693,TWICE
524,&TWICE,9,3SSsWyiigwW44UO14r1HzQ,How u doin',spotify:track:3SSsWyiigwW44UO14r1HzQ,0.0237,0.677,0.745,0.0067,0.0541,-3.771,0.0463,83.482,0.43,4,41,2019-11-20,209466,TWICE
525,&TWICE,10,5wwSCXsbpO8G1FrhkmFiKf,The Reason Why,spotify:track:5wwSCXsbpO8G1FrhkmFiKf,0.116,0.657,0.643,0.0,0.336,-5.057,0.0279,80.01,0.536,4,45,2019-11-20,226173,TWICE
532,Feel Special,7,3D9GjkfqcBGxw1VlCOGG9x,BREAKTHROUGH - Korean Ver.,spotify:track:3D9GjkfqcBGxw1VlCOGG9x,0.0486,0.866,0.722,0.0,0.0926,-3.336,0.127,112.006,0.68,4,47,2019-09-23,217650,TWICE
533,Feel Special,1,2HtcPHFdo7eu4Ilbvb0BVI,Feel Special,spotify:track:2HtcPHFdo7eu4Ilbvb0BVI,0.0296,0.709,0.959,0.00188,0.107,-1.339,0.0603,128.983,0.644,4,77,2019-09-23,206866,TWICE
534,Feel Special,2,2U3gA9KzJJ18nV94qCadVP,RAINBOW,spotify:track:2U3gA9KzJJ18nV94qCadVP,0.0236,0.772,0.849,5.46e-06,0.144,-3.586,0.129,133.994,0.762,4,56,2019-09-23,177080,TWICE
535,Feel Special,3,6JzdKfNTt1tBWG6SNvs87D,GET LOUD,spotify:track:6JzdKfNTt1tBWG6SNvs87D,0.0464,0.729,0.953,0.00159,0.338,-3.672,0.0774,120.009,0.847,4,59,2019-09-23,186973,TWICE
536,Feel Special,4,1AAfjmO6BmVIrC0N4fPx6E,TRICK IT,spotify:track:1AAfjmO6BmVIrC0N4fPx6E,0.0866,0.752,0.896,6.75e-06,0.135,-4.002,0.0742,127.983,0.659,4,57,2019-09-23,194000,TWICE
537,Feel Special,5,5ipJi9h2ghaThn6EUwO3B2,LOVE FOOLISH,spotify:track:5ipJi9h2ghaThn6EUwO3B2,0.118,0.721,0.84,4.34e-06,0.0576,-2.298,0.0973,114.965,0.577,4,61,2019-09-23,191226,TWICE
538,Feel Special,6,18Nf1cXsaVgrxR4pNkFgiY,21:29,spotify:track:18Nf1cXsaVgrxR4pNkFgiY,0.126,0.53,0.727,0.0,0.429,-5.006,0.0428,179.938,0.616,3,55,2019-09-23,228906,TWICE
539,Feel Special,7,2YYlTkcmc7iSQmYfJER3eh,BREAKTHROUGH - Korean Version,spotify:track:2YYlTkcmc7iSQmYfJER3eh,0.0434,0.866,0.716,0.0,0.12,-3.347,0.121,112.02,0.676,4,55,2019-09-23,217693,TWICE
540,BDZ (Repackage),1,3tmvBNuaB0xCLqajufQ5Fs,STAY BY MY SIDE,spotify:track:3tmvBNuaB0xCLqajufQ5Fs,0.0669,0.706,0.895,0.0,0.237,-3.621,0.0502,123.043,0.562,4,54,2018-12-26,237490,TWICE
551,"The year of ""YES""",1,6kkdPUBJurHTLjaweUWeqz,The Best Thing I Ever Did,spotify:track:6kkdPUBJurHTLjaweUWeqz,0.383,0.72,0.655,0.0,0.156,-3.994,0.0248,104.977,0.468,4,55,2018-12-12,210440,TWICE
561,"The year of ""YES""",2,2uu3Ht16QmqmXaLvVfU22V,Be as ONE - Korean Ver.,spotify:track:2uu3Ht16QmqmXaLvVfU22V,0.572,0.671,0.593,0.0,0.0901,-4.741,0.0376,142.045,0.353,4,36,2018-12-12,227732,TWICE
569,YES or YES,1,0Ll92eLIHWY5gey1ISNMPi,YES or YES,spotify:track:0Ll92eLIHWY5gey1ISNMPi,0.0514,0.702,0.913,3.71e-06,0.166,-2.977,0.0374,137.982,0.735,4,71,2018-11-05,237680,TWICE
570,YES or YES,2,3g3hvoSSVxuNE1Io871SCd,SAY YOU LOVE ME,spotify:track:3g3hvoSSVxuNE1Io871SCd,0.304,0.792,0.89,1.64e-06,0.0685,-2.125,0.0705,134.995,0.914,4,51,2018-11-05,212866,TWICE
571,YES or YES,3,5I2nWbGzcUFdjEOT90tS5J,LALALA,spotify:track:5I2nWbGzcUFdjEOT90tS5J,0.296,0.693,0.872,0.0,0.196,-2.675,0.0724,156.985,0.833,4,50,2018-11-05,186293,TWICE
572,YES or YES,4,5kqhPGqTVO6XteDje04z7s,YOUNG & WILD,spotify:track:5kqhPGqTVO6XteDje04z7s,0.119,0.804,0.621,0.0,0.31,-4.864,0.106,104.908,0.306,4,49,2018-11-05,181200,TWICE
573,YES or YES,5,3czpbe7t5mxqEh7BZ3FsBK,SUNSET,spotify:track:3czpbe7t5mxqEh7BZ3FsBK,0.326,0.524,0.91,0.0,0.573,-3.845,0.152,170.057,0.772,4,47,2018-11-05,222546,TWICE
574,YES or YES,6,7KqcgT7hLCdkdKaIUTgfH1,AFTER MOON,spotify:track:7KqcgT7hLCdkdKaIUTgfH1,0.575,0.421,0.664,0.0,0.123,-3.901,0.0678,193.874,0.461,4,48,2018-11-05,203866,TWICE
582,YES or YES,7,3faO4pLbvIOi8zMofuR0j4,BDZ - Korean Ver.,spotify:track:3faO4pLbvIOi8zMofuR0j4,0.0154,0.722,0.866,0.0,0.11,-2.711,0.052,137.946,0.659,4,34,2018-11-05,196314,TWICE
583,BDZ,1,6ceKChoZYLdw24Ph1CDFUJ,BDZ,spotify:track:6ceKChoZYLdw24Ph1CDFUJ,0.0113,0.715,0.862,0.0,0.108,-2.718,0.0444,137.93,0.668,4,62,2018-09-12,197800,TWICE
584,BDZ,2,4DmS8lnz6VbEMWrUcbm8WZ,One More Time,spotify:track:4DmS8lnz6VbEMWrUcbm8WZ,0.00288,0.74,0.928,0.0,0.319,-4.139,0.0633,129.955,0.671,4,55,2018-09-12,183000,TWICE
585,BDZ,3,1XjipVUiZ6PAAWYbUuSQnS,Candy Pop,spotify:track:1XjipVUiZ6PAAWYbUuSQnS,0.177,0.599,0.943,2.6e-05,0.141,-1.457,0.0894,174.059,0.84,4,51,2018-09-12,202010,TWICE
586,BDZ,4,67adxp0HtY8yqMz53RYopP,L.O.V.E,spotify:track:67adxp0HtY8yqMz53RYopP,0.053,0.806,0.858,0.0,0.109,-2.657,0.0715,125.005,0.871,4,43,2018-09-12,203040,TWICE
587,BDZ,5,4N1xwTGXlI6hiXlr9A6iKs,Wishing,spotify:track:4N1xwTGXlI6hiXlr9A6iKs,0.16,0.516,0.719,0.0,0.0541,-3.27,0.0458,205.786,0.433,4,46,2018-09-12,272493,TWICE
588,BDZ,6,3gwojMWTEtzx7AWAzROwNt,Say it again,spotify:track:3gwojMWTEtzx7AWAzROwNt,0.279,0.751,0.838,0.0,0.0673,-2.794,0.137,129.985,0.579,4,43,2018-09-12,203586,TWICE
589,BDZ,7,0CvJiFydKzLSQUn6McFPrb,Wake Me Up,spotify:track:0CvJiFydKzLSQUn6McFPrb,0.209,0.656,0.994,0.0,0.318,-1.47,0.0807,125.979,0.795,4,54,2018-09-12,211799,TWICE
590,BDZ,8,1cHjzdNUuVapNB55XykwDC,BRAND NEW GIRL,spotify:track:1cHjzdNUuVapNB55XykwDC,0.016,0.674,0.965,9.59e-05,0.145,-3.754,0.0696,157.041,0.75,4,52,2018-09-12,213956,TWICE
591,BDZ,9,4Jld19gM5PK84mfXOGpV9C,Be as ONE,spotify:track:4Jld19gM5PK84mfXOGpV9C,0.465,0.613,0.558,0.0,0.0975,-4.185,0.0361,142.003,0.358,4,51,2018-09-12,231120,TWICE
592,BDZ,10,54w5JUSWCJu64pnw8alImP,I WANT YOU BACK,spotify:track:54w5JUSWCJu64pnw8alImP,0.0148,0.713,0.848,0.0,0.0808,-1.94,0.0338,106.093,0.787,4,55,2018-09-12,203815,TWICE
593,Summer Nights,1,3t723PlEADna6GjgquoMRW,Dance The Night Away,spotify:track:3t723PlEADna6GjgquoMRW,0.106,0.711,0.861,4.4e-05,0.113,-2.905,0.0924,118.004,0.78,4,70,2018-07-09,180800,TWICE
594,Summer Nights,2,1n3ZcESTCA7MIiFtkXD9lO,CHILLAX,spotify:track:1n3ZcESTCA7MIiFtkXD9lO,0.134,0.786,0.832,1.35e-06,0.0575,-2.783,0.0593,108.975,0.741,4,52,2018-07-09,186293,TWICE
595,Summer Nights,3,5OILZndJWQa66REoWJqeI9,Shot Thru The Heart,spotify:track:5OILZndJWQa66REoWJqeI9,0.0775,0.67,0.846,0.0,0.617,-2.634,0.0429,142.965,0.24,4,45,2018-07-09,205053,TWICE
596,Summer Nights,4,1IX47gefluXmKX4PrTBCRM,What is Love,spotify:track:1IX47gefluXmKX4PrTBCRM,0.0988,0.574,0.909,0.0,0.264,-1.572,0.0655,169.964,0.565,4,73,2018-07-09,208240,TWICE
597,Summer Nights,5,4pAMZttZImUT6MquTWywtR,SWEET TALKER,spotify:track:4pAMZttZImUT6MquTWywtR,0.0695,0.674,0.97,2.19e-06,0.153,-2.281,0.0649,159.998,0.797,4,50,2018-07-09,207746,TWICE
598,Summer Nights,6,23sjuUEVDn9Gk45dLkHdsn,HO!,spotify:track:23sjuUEVDn9Gk45dLkHdsn,0.104,0.766,0.895,1.43e-06,0.0233,-2.342,0.0982,160.009,0.974,4,47,2018-07-09,189080,TWICE
599,Summer Nights,7,0zjC5IswRxa9KGjwbyW5Ej,DEJAVU,spotify:track:0zjC5IswRxa9KGjwbyW5Ej,0.0127,0.636,0.794,1.3e-06,0.0895,-4.072,0.0651,116.776,0.51,4,43,2018-07-09,196413,TWICE
600,Summer Nights,8,6DKG3voypxpc7FqPN3CbpH,SAY YES,spotify:track:6DKG3voypxpc7FqPN3CbpH,0.238,0.634,0.673,0.0,0.226,-3.989,0.0785,80.009,0.367,4,48,2018-07-09,182946,TWICE
601,Summer Nights,9,2IDJfisC6YCHGNrqrORCZs,STUCK,spotify:track:2IDJfisC6YCHGNrqrORCZs,0.0544,0.564,0.796,0.0,0.142,-2.71,0.0536,157.903,0.571,4,47,2018-07-09,215400,TWICE
604,Summer Nights,3,2Al0AAESPr45idzegiDk7h,Shot thru the heart,spotify:track:2Al0AAESPr45idzegiDk7h,0.0747,0.671,0.852,0.0,0.524,-2.619,0.0439,142.981,0.245,4,32,2018-07-09,205064,TWICE
605,Summer Nights,4,5Ek40FyMPprcvtyZDjqylX,What is Love?,spotify:track:5Ek40FyMPprcvtyZDjqylX,0.0846,0.573,0.91,0.0,0.266,-1.578,0.064,169.982,0.602,4,59,2018-07-09,208238,TWICE
621,Merry & Happy,11,7l2MmGSzL72TIuuYlcPmbt,ROLLIN',spotify:track:7l2MmGSzL72TIuuYlcPmbt,0.0402,0.886,0.62,0.0087,0.273,-5.116,0.0428,122.014,0.272,4,25,2017-12-11,190898,TWICE
626,Merry & Happy,1,0O9OnWm3z2B2TjvE051AMV,Heart Shaker,spotify:track:0O9OnWm3z2B2TjvE051AMV,0.105,0.565,0.943,0.0,0.154,-0.532,0.0645,164.059,0.855,4,65,2017-12-11,186893,TWICE
627,Merry & Happy,2,76qVJ5CbodXgDGleekie9O,Merry & Happy,spotify:track:76qVJ5CbodXgDGleekie9O,0.404,0.716,0.63,0.0,0.0817,-4.122,0.0376,154.078,0.667,4,52,2017-12-11,192573,TWICE
641,twicetagram,1,4Eb5cLWxKQUoUQaKUYSRgI,LIKEY,spotify:track:4Eb5cLWxKQUoUQaKUYSRgI,0.431,0.723,0.898,0.0015,0.136,-1.081,0.0354,131.96,0.394,4,56,2017-11-01,207824,TWICE
642,twicetagram,2,0gdsdHQiTipWR8LeRSXpJJ,TURTLE,spotify:track:0gdsdHQiTipWR8LeRSXpJJ,0.553,0.729,0.804,0.0,0.15,-3.428,0.135,95.139,0.609,4,46,2017-11-01,198033,TWICE
643,twicetagram,3,5FwPuSXMh8cfmtWWTJHCM8,MISSING U,spotify:track:5FwPuSXMh8cfmtWWTJHCM8,0.212,0.805,0.702,0.0,0.112,-3.387,0.054,119.995,0.833,4,35,2017-11-01,179711,TWICE
644,twicetagram,4,10ZvFowDUX7H9Glgn9a1d2,WOW,spotify:track:10ZvFowDUX7H9Glgn9a1d2,0.355,0.776,0.915,0.0,0.0537,-3.459,0.151,160.092,0.909,4,26,2017-11-01,180961,TWICE
645,twicetagram,5,1qLn52MB7LOWt3TYvrAn1a,FFW,spotify:track:1qLn52MB7LOWt3TYvrAn1a,0.125,0.71,0.946,3.02e-06,0.282,-2.145,0.0465,127.984,0.895,4,27,2017-11-01,225983,TWICE
646,twicetagram,6,7j5keEifFIjiTz9HovXBh1,DING DONG,spotify:track:7j5keEifFIjiTz9HovXBh1,0.0557,0.658,0.879,0.0,0.233,-3.292,0.0531,149.998,0.824,4,25,2017-11-01,212117,TWICE
648,twicetagram,8,5AHS8rvrlaiW66d32DqNSg,LOOK AT ME,spotify:track:5AHS8rvrlaiW66d32DqNSg,0.146,0.72,0.909,0.0,0.0675,-3.375,0.0389,134.898,0.662,4,35,2017-11-01,193143,TWICE
650,twicetagram,10,2hwkgh4md78Rs0Nq4HN5v3,LOVE LINE,spotify:track:2hwkgh4md78Rs0Nq4HN5v3,0.251,0.696,0.784,0.0,0.11,-4.6,0.0437,95.019,0.542,4,31,2017-11-01,196795,TWICE
651,twicetagram,11,5LH49TmiLoM5TNM8iaPPxP,DON'T GIVE UP,spotify:track:5LH49TmiLoM5TNM8iaPPxP,0.0574,0.838,0.658,9.55e-06,0.124,-5.843,0.0456,102.982,0.414,4,25,2017-11-01,178343,TWICE
652,twicetagram,12,6nfx5va3KMUaeYdi517Fir,YOU IN MY HEART,spotify:track:6nfx5va3KMUaeYdi517Fir,0.286,0.692,0.867,0.0,0.109,-4.145,0.0331,102.988,0.382,4,32,2017-11-01,208867,TWICE
653,twicetagram,13,1eaCZxdjrLOSwRxkz4kGZV,JALJAYO GOOD NIGHT,spotify:track:1eaCZxdjrLOSwRxkz4kGZV,0.848,0.721,0.396,0.0,0.0911,-8.3,0.0344,133.979,0.359,4,33,2017-11-01,262921,TWICE
654,Twicetagram,1,4P66rfizAl2nIJCICSMymC,Likey,spotify:track:4P66rfizAl2nIJCICSMymC,0.42,0.722,0.903,0.000371,0.118,-1.261,0.0331,132.006,0.445,4,69,2017-10-30,207813,TWICE
655,Twicetagram,2,1YaPqQfNDIx8mvcW5pIeE4,Turtle,spotify:track:1YaPqQfNDIx8mvcW5pIeE4,0.553,0.741,0.809,0.0,0.142,-3.595,0.134,94.986,0.615,4,53,2017-10-30,198040,TWICE
656,Twicetagram,3,4FW8Ty8M7iyKIk2wwNKlcM,Missing U,spotify:track:4FW8Ty8M7iyKIk2wwNKlcM,0.215,0.807,0.704,0.0,0.108,-3.686,0.0476,119.965,0.856,4,48,2017-10-30,179706,TWICE
657,Twicetagram,4,4twR4vaaqvMbay7jlXCBgl,Wow,spotify:track:4twR4vaaqvMbay7jlXCBgl,0.355,0.776,0.917,0.0,0.0532,-3.654,0.157,160.127,0.928,4,40,2017-10-30,180960,TWICE
658,Twicetagram,5,0iDyfwY9Yud1i20Q95c4q8,Ffw,spotify:track:0iDyfwY9Yud1i20Q95c4q8,0.141,0.707,0.946,6.44e-06,0.299,-2.324,0.045,127.965,0.916,4,42,2017-10-30,225986,TWICE
659,Twicetagram,6,5Yw9IvodOBXAkP7zQTAfbr,Ding Dong,spotify:track:5Yw9IvodOBXAkP7zQTAfbr,0.0581,0.661,0.872,0.0,0.24,-3.46,0.0534,150.019,0.818,4,40,2017-10-30,212120,TWICE
660,Twicetagram,7,7qJz1gaEgYtx4UJHtOGoJO,24/7,spotify:track:7qJz1gaEgYtx4UJHtOGoJO,0.0741,0.878,0.749,1.82e-05,0.404,-4.293,0.0681,123.065,0.531,4,45,2017-10-30,215480,TWICE
661,Twicetagram,8,2WL1smzwRRjabdSbvV4wKF,Look At Me,spotify:track:2WL1smzwRRjabdSbvV4wKF,0.156,0.719,0.909,1.21e-06,0.0655,-3.585,0.0365,134.892,0.665,4,46,2017-10-30,193146,TWICE
662,Twicetagram,9,5TUIKBmNcWqdwie8kV6mKr,Rollin',spotify:track:5TUIKBmNcWqdwie8kV6mKr,0.0462,0.882,0.629,0.00838,0.28,-5.313,0.0446,122.023,0.244,4,41,2017-10-30,190893,TWICE
663,Twicetagram,10,203sd4cosoKgF62jSkqd6z,Love Line,spotify:track:203sd4cosoKgF62jSkqd6z,0.226,0.697,0.767,0.0,0.108,-4.719,0.0444,94.998,0.519,4,45,2017-10-30,196800,TWICE
664,Twicetagram,11,4FTczdvR53jxxp6qPBcNMg,Don't Give Up,spotify:track:4FTczdvR53jxxp6qPBcNMg,0.0617,0.839,0.666,8.53e-06,0.132,-6.081,0.0474,102.992,0.454,4,40,2017-10-30,178346,TWICE
665,Twicetagram,12,1nUIe8iHQitSldWAuB5AHp,You In My Heart,spotify:track:1nUIe8iHQitSldWAuB5AHp,0.288,0.688,0.858,0.0,0.109,-4.345,0.0328,102.996,0.392,4,45,2017-10-30,208866,TWICE
666,Twicetagram,13,14WRue4qjZzL9Bo6q53iwx,Jaljayo Good Night,spotify:track:14WRue4qjZzL9Bo6q53iwx,0.845,0.719,0.399,0.0,0.0887,-8.421,0.0332,133.953,0.361,4,49,2017-10-30,262960,TWICE
667,Fanfare,1,49moLXpCwwantnF78yItWf,Fanfare,spotify:track:49moLXpCwwantnF78yItWf,0.0302,0.669,0.956,9.78e-06,0.0764,-2.49,0.126,114.922,0.81,4,68,2020-06-19,220240,TWICE
669,Fake & True,1,2sKWWJ5ee3EnKBztzxPpMH,Fake & True,spotify:track:2sKWWJ5ee3EnKBztzxPpMH,0.0569,0.678,0.808,0.0,0.288,-3.973,0.0599,125.938,0.765,4,58,2019-10-18,219625,TWICE
671,Breakthrough,2,4pZA1GWGfG4JoZ0rbb8yG2,FANCY - Japanese ver.,spotify:track:4pZA1GWGfG4JoZ0rbb8yG2,0.0238,0.692,0.847,0.0,0.441,-1.947,0.0534,132.053,0.712,4,47,2019-07-24,216146,TWICE
672,Breakthrough,3,2qM9XN5Wm4qqfjdfTGEK0Y,Breakthrough - taalthechoi Remix,spotify:track:2qM9XN5Wm4qqfjdfTGEK0Y,0.00822,0.78,0.865,0.00208,0.0614,-3.457,0.0444,124.992,0.703,4,35,2019-07-24,202586,TWICE
673,Breakthrough,4,45LwqjiAx96d9G9Pl3rKjT,Breakthrough - Instrumental,spotify:track:45LwqjiAx96d9G9Pl3rKjT,0.000636,0.828,0.574,0.816,0.0834,-6.405,0.0564,112.012,0.539,4,29,2019-07-24,217546,TWICE
675,HAPPY HAPPY,2,0iX1xgkeufEX3uW2AIqSUM,The Best Thing I Ever Did - Japanese ver.,spotify:track:0iX1xgkeufEX3uW2AIqSUM,0.371,0.742,0.67,0.0,0.11,-3.815,0.0238,104.98,0.481,4,36,2019-07-17,212653,TWICE
676,HAPPY HAPPY,3,08SD8vtHjP7jZt9WZT9rGj,HAPPY HAPPY - collapsedone Remix,spotify:track:08SD8vtHjP7jZt9WZT9rGj,0.0777,0.751,0.917,0.00207,0.131,-1.202,0.0478,100.007,0.427,4,35,2019-07-17,212560,TWICE
677,HAPPY HAPPY,4,6IQ0FpPXIKNbE2kb8mSS27,HAPPY HAPPY - Instrumental,spotify:track:6IQ0FpPXIKNbE2kb8mSS27,0.00184,0.612,0.936,0.752,0.301,-3.74,0.0846,180.018,0.541,4,26,2019-07-17,207680,TWICE
678,Breakthrough,1,5COO2JgOmHIJ2jsXFwflz8,Breakthrough,spotify:track:5COO2JgOmHIJ2jsXFwflz8,0.0439,0.868,0.728,0.0,0.0975,-3.338,0.11,112.006,0.616,4,62,2019-06-12,217650,TWICE
679,HAPPY HAPPY,1,1yPkYnRgZveWLCUSWX16ra,HAPPY HAPPY,spotify:track:1yPkYnRgZveWLCUSWX16ra,0.173,0.609,0.932,0.000946,0.396,-1.562,0.145,179.995,0.755,4,56,2019-06-12,206973,TWICE
686,FANCY YOU,1,0W5hTAWn8Tq0Qfhg1XP3YW,FANCY,spotify:track:0W5hTAWn8Tq0Qfhg1XP3YW,0.0122,0.697,0.874,0.0,0.627,-2.15,0.045,132.022,0.775,4,77,2019-04-22,213880,TWICE
687,FANCY YOU,2,7F9Zd97ECxHwnNkEvAl6Ao,STUCK IN MY HEAD,spotify:track:7F9Zd97ECxHwnNkEvAl6Ao,0.102,0.545,0.789,0.0,0.423,-3.494,0.136,179.886,0.355,4,54,2019-04-22,176293,TWICE
688,FANCY YOU,3,1fF45ncdGHw4JXG1EbmlTX,GIRLS LIKE US,spotify:track:1fF45ncdGHw4JXG1EbmlTX,0.0457,0.73,0.695,0.0,0.379,-4.367,0.0695,97.995,0.698,4,54,2019-04-22,158640,TWICE
689,FANCY YOU,4,2YbeCUhBk2JCsKtcQwLXq8,HOT,spotify:track:2YbeCUhBk2JCsKtcQwLXq8,0.00736,0.757,0.571,0.0,0.0175,-6.79,0.0714,119.954,0.765,4,56,2019-04-22,177826,TWICE
690,FANCY YOU,5,0ORjw0W7sRXcJbMhAuff3U,TURN IT UP,spotify:track:0ORjw0W7sRXcJbMhAuff3U,0.0628,0.828,0.812,0.0,0.14,-3.572,0.0521,119.991,0.961,4,54,2019-04-22,187253,TWICE
691,FANCY YOU,6,55NGPOT6oGrIodlMG0QfHn,STRAWBERRY,spotify:track:55NGPOT6oGrIodlMG0QfHn,0.109,0.825,0.665,0.0,0.0672,-6.131,0.0417,118.043,0.786,4,54,2019-04-22,209226,TWICE
692,#TWICE2,1,2W1YeWvOpGWQIArbfI4pnw,LIKEY - Japanese ver.,spotify:track:2W1YeWvOpGWQIArbfI4pnw,0.379,0.717,0.893,0.000112,0.12,-1.391,0.0382,131.947,0.426,4,52,2019-03-06,207825,TWICE
693,#TWICE2,2,3hePH8YWEb6BUJ163U9wDa,Heart Shaker - Japanese ver.,spotify:track:3hePH8YWEb6BUJ163U9wDa,0.00936,0.538,0.935,0.0,0.0701,-1.075,0.061,163.908,0.826,4,54,2019-03-06,188373,TWICE
694,#TWICE2,3,1aHFbW8QF7LoJWcX0kPcrH,What is Love? - Japanese ver.,spotify:track:1aHFbW8QF7LoJWcX0kPcrH,0.0501,0.564,0.892,0.0,0.234,-1.84,0.0639,169.939,0.637,4,53,2019-03-06,208237,TWICE
695,#TWICE2,4,3picEaAiFbUtP9YDoM7J73,Dance The Night Away - Japanese ver.,spotify:track:3picEaAiFbUtP9YDoM7J73,0.109,0.681,0.847,4.02e-05,0.0828,-3.855,0.107,117.947,0.743,4,55,2019-03-06,183466,TWICE
696,#TWICE2,5,68FitshLHaAaDnoyAsq8L5,YES or YES - Japanese ver.,spotify:track:68FitshLHaAaDnoyAsq8L5,0.0655,0.707,0.915,0.0,0.183,-2.991,0.0419,137.972,0.769,4,53,2019-03-06,241093,TWICE
703,Wake Me Up,2,53JPvPxpC5IU4gYVmDLqU6,Pink Lemonade,spotify:track:53JPvPxpC5IU4gYVmDLqU6,0.0816,0.706,0.969,0.0,0.0564,-2.952,0.0781,128.004,0.734,4,45,2018-05-16,220412,TWICE
704,Wake Me Up,3,2JRpDTA8mXIW7rVhST3sot,Wake Me Up - Instrumental,spotify:track:2JRpDTA8mXIW7rVhST3sot,9.72e-05,0.622,0.995,0.852,0.323,-2.59,0.0667,125.991,0.646,4,25,2018-05-16,211760,TWICE
705,Wake Me Up,4,76ErKywk66yqA3vbUX5T7M,Pink Lemonade - Instrumental,spotify:track:76ErKywk66yqA3vbUX5T7M,5.74e-05,0.586,0.867,0.684,0.0578,-6.372,0.0357,128.031,0.812,4,25,2018-05-16,220412,TWICE
719,Candy Pop,3,106R5tUsYByg71UYvT2Pin,Candy Pop - Instrumental,spotify:track:106R5tUsYByg71UYvT2Pin,0.000687,0.56,0.964,0.864,0.147,-2.66,0.0523,174.032,0.459,4,27,2018-02-07,202013,TWICE
720,Candy Pop,4,2Oz1EFvuo14Fg5ASTSpDEv,BRAND NEW GIRL - Instrumental,spotify:track:2Oz1EFvuo14Fg5ASTSpDEv,2.92e-05,0.592,0.954,0.847,0.339,-8.014,0.0714,157.013,0.863,4,25,2018-02-07,213951,TWICE
